pub_date,url,scores,sentiments,relevance,rel_subdocs,sub_1_rel,sub_1_sents,sub_2_rel,sub_3_rel,sub_4_rel,sub_5_rel,sub_6_rel,sub_7_rel,sub_8_rel,sub_9_rel,sub_10_rel,sub_11_rel,sub_12_rel,sub_13_rel,sub_14_rel,sub_15_rel,sub_16_rel,sub_17_rel,sub_18_rel,sub_2_sents,sub_3_sents,sub_4_sents,sub_5_sents,sub_6_sents,sub_7_sents,sub_8_sents,sub_9_sents,sub_10_sents,sub_11_sents,sub_12_sents,sub_13_sents,sub_14_sents,sub_15_sents,sub_16_sents,sub_17_sents,sub_18_sents
1/6/2018,https://www.fool.com/investing/2018/01/06/the-2017-industry-focus-awards-best-quote-and-happ.aspx,-0.770013124,-0.974636813,0.805000166,3,0.661306675,0.661306675,1.502490338,0.251203485,,,,,,,,,,,,,,,,1.502490338,0.251203485,,,,,,,,,,,,,,,
2/3/2019,https://www.fool.com/investing/2019/02/03/stock-market-power-rankings-apple-jacks.aspx,-0.287698671,-0.988152683,0.291147994,1,0.291147994,0.291147994,,,,,,,,,,,,,,,,,,,,,,,,,,,,,,,,,,
4/23/2021,http://www.zacks.com/stock/news/1441076/general-electric-ge-to-post-q1-earnings-beat-in-the-cards?cid=CS-ZC-FT-analyst_blog|earnings_preview-1441076,-0.193761467,-0.998010695,0.194147686,1,0.194147686,0.194147686,,,,,,,,,,,,,,,,,,,,,,,,,,,,,,,,,,
4/24/2021,https://www.fool.com/investing/2021/04/24/general-electric-earnings-preview-5-things-to-watc/?source=iedfolrf0000001,-0.547186039,-0.358551996,0.779571774,7,1.209275779,1.209275779,1.523410793,0.249639322,1.710881272,0.255800002,0.282684789,0.225310459,,,,,,,,,,,,1.523410793,0.249639322,1.710881272,0.255800002,0.282684789,0.225310459,,,,,,,,,,,
4/26/2021,https://www.fool.com/investing/2021/04/26/burned-by-the-stock-market-consider-these-3-etfs/?source=iedfolrf0000001,2.357669022,0.980282307,2.405091886,1,2.405091886,2.405091886,,,,,,,,,,,,,,,,,,,,,,,,,,,,,,,,,,
4/26/2021,http://www.marketwatch.com/news/story.asp?guid=%7B21005575-02D4-D4B5-4572-D3BF40341C5D%7D&siteid=rss&rss=1,-0.796529274,-0.999257147,0.797045933,3,0.884929959,0.884929959,1.222549404,0.283658435,,,,,,,,,,,,,,,,1.222549404,0.283658435,,,,,,,,,,,,,,,
4/26/2021,http://www.marketwatch.com/news/story.asp?guid=%7B21005575-02D4-D4B5-4572-D3BF142D0048%7D&siteid=rss&rss=1,-0.485580432,-0.982129395,0.494415944,1,0.494415944,0.494415944,,,,,,,,,,,,,,,,,,,,,,,,,,,,,,,,,,
4/27/2021,https://www.benzinga.com/news/earnings/21/04/20814977/tech-time-microsoft-advanced-micro-devices-alphabet-reporting-after-close-today,-0.206366947,-0.996338725,0.20712529,1,0.20712529,0.20712529,,,,,,,,,,,,,,,,,,,,,,,,,,,,,,,,,,
4/27/2021,http://www.zacks.com/stock/news/1461921/earnings-season-in-full-swing?cid=CS-ZC-FT-economic_highlights-1461921,-0.196804959,-0.983567119,0.200093065,1,0.200093065,0.200093065,,,,,,,,,,,,,,,,,,,,,,,,,,,,,,,,,,
4/27/2021,http://www.zacks.com/stock/news/1461833/markets-ge-q1-mixed-ups-beats-big?cid=CS-ZC-FT-ahead_of_wall_street-1461833,-0.203187782,-0.977876246,0.207780197,2,0.207564753,0.207564753,0.207995641,,,,,,,,,,,,,,,,,0.207995641,,,,,,,,,,,,,,,,
4/27/2021,http://www.marketwatch.com/news/story.asp?guid=%7B21005575-02D4-D4B5-4572-D3C3E2DBABEC%7D&siteid=rss&rss=1,-0.246850694,-0.982301831,0.251298212,1,0.251298212,0.251298212,,,,,,,,,,,,,,,,,,,,,,,,,,,,,,,,,,
4/27/2021,https://www.investing.com/analysis/fed-big-tech-vie-for-attention-ahead-of-microsoft-alphabet-results-200575635,-0.207281224,-0.995925426,0.208129262,1,0.208129262,0.208129262,,,,,,,,,,,,,,,,,,,,,,,,,,,,,,,,,,
4/27/2021,https://www.benzinga.com/news/earnings/21/04/20807204/a-peek-into-the-markets-us-stock-futures-edge-lower-ahead-of-earnings-fed-meeting,-1.467252909,-0.997443676,1.471013295,1,1.471013295,1.471013295,,,,,,,,,,,,,,,,,,,,,,,,,,,,,,,,,,
4/27/2021,http://www.zacks.com/stock/news/1462458/general-electric-ge-q1-earnings-top-estimates-revenues-lag?cid=CS-ZC-FT-analyst_blog|earnings_article-1462458,-0.104113805,-0.3344691,0.237634921,3,0.266534995,0.266534995,0.245859579,0.200510188,,,,,,,,,,,,,,,,0.245859579,0.200510188,,,,,,,,,,,,,,,
4/27/2021,https://www.benzinga.com/news/earnings/21/04/20806387/7-stocks-to-watch-for-april-27-2021,-0.251353432,-0.998129189,0.251824548,1,0.251824548,0.251824548,,,,,,,,,,,,,,,,,,,,,,,,,,,,,,,,,,
4/27/2021,https://www.investing.com/analysis/here-are-a-few-interesting-earningsbased-movers-since-yesterday-200575651,-0.211950486,-0.995089352,0.212996436,1,0.212996436,0.212996436,,,,,,,,,,,,,,,,,,,,,,,,,,,,,,,,,,
4/27/2021,http://www.zacks.com/stock/news/1461081/general-electric-ge-q1-earnings-surpass-estimates?cid=CS-ZC-FT-tale_of_the_tape|yseop_template_4-1461081,-0.829634535,-0.985937357,0.841485676,2,0.880829604,0.880829604,0.802141748,,,,,,,,,,,,,,,,,0.802141748,,,,,,,,,,,,,,,,
4/27/2021,https://www.benzinga.com/news/21/04/20815118/mid-morning-market-update-markets-edge-lower-general-electric-reports-mixed-q1-results,-0.274634938,-0.997819781,0.27523501,1,0.27523501,0.27523501,,,,,,,,,,,,,,,,,,,,,,,,,,,,,,,,,,
4/27/2021,https://www.fool.com/investing/2021/04/27/why-ge-stock-dropped-today/?source=iedfolrf0000001,-0.151260415,0.229585509,0.466673302,3,0.288337439,0.288337439,0.886373216,0.225309252,,,,,,,,,,,,,,,,0.886373216,0.225309252,,,,,,,,,,,,,,,
4/27/2021,https://www.benzinga.com/pre-market-outlook/21/04/20810171/10-industrials-stocks-moving-in-tuesdays-pre-market-session,-0.213701085,-0.996198356,0.214516601,1,0.214516601,0.214516601,,,,,,,,,,,,,,,,,,,,,,,,,,,,,,,,,,
4/27/2021,https://www.benzinga.com/news/earnings/21/04/20818311/mid-day-market-update-crude-oil-rises-1-pq-group-shares-plummet,-0.274634938,-0.997819781,0.27523501,1,0.27523501,0.27523501,,,,,,,,,,,,,,,,,,,,,,,,,,,,,,,,,,
4/27/2021,https://www.benzinga.com/trading-ideas/long-ideas/21/04/20823243/ups-soars-tesla-falls-in-a-mixed-day-of-trading-for-the-market,-0.474920386,-0.999414563,0.475198585,1,0.475198585,0.475198585,,,,,,,,,,,,,,,,,,,,,,,,,,,,,,,,,,
4/27/2021,https://www.fool.com/investing/2021/04/27/why-stock-market-investors-should-pay-attention-to/?source=iedfolrf0000001,-0.432152862,-0.988634547,0.440761183,3,0.252468086,0.252468086,0.280310298,0.789505166,,,,,,,,,,,,,,,,0.280310298,0.789505166,,,,,,,,,,,,,,,
4/27/2021,https://www.benzinga.com/news/earnings/21/04/20821057/mid-afternoon-market-update-trueblue-rises-following-q1-earnings-realnetworks-shares-slide,-0.274634938,-0.997819781,0.27523501,1,0.27523501,0.27523501,,,,,,,,,,,,,,,,,,,,,,,,,,,,,,,,,,
4/27/2021,http://www.marketwatch.com/news/story.asp?guid=%7B21005575-02D4-D4B5-4572-D3C269D458EB%7D&siteid=rss&rss=1,-0.187333764,-0.842119992,0.222454955,1,0.222454955,0.222454955,,,,,,,,,,,,,,,,,,,,,,,,,,,,,,,,,,
4/28/2021,https://www.fool.com/earnings/call-transcripts/2021/04/27/general-electric-ge-q1-2021-earnings-call-transcri/?source=iedfolrf0000001,-0.122529063,0.259374678,0.82195436,18,0.201453312,0.201453312,1.391760479,0.277530942,0.20226664,0.20226664,0.201859157,0.201588412,0.796536611,1.972875391,2.350789518,2.358663789,1.387096841,0.202539211,0.266223532,1.125787917,0.203086563,1.227542427,0.225311089,1.391760479,0.277530942,0.20226664,0.20226664,0.201859157,0.201588412,0.796536611,1.972875391,2.350789518,2.358663789,1.387096841,0.202539211,0.266223532,1.125787917,0.203086563,1.227542427,0.225311089
4/28/2021,https://www.fool.com/investing/2021/04/27/general-electric-slides-on-q1-revenue-miss/?source=iedfolrf0000001,-0.392439599,-0.99731797,0.393257184,2,0.506662366,0.506662366,0.279852001,,,,,,,,,,,,,,,,,0.279852001,,,,,,,,,,,,,,,,
4/29/2021,https://www.benzinga.com/markets/cryptocurrency/21/04/20878618/20-picks-from-the-2021-cnbc-stock-draft-bitcoin-amazon-ark-lead-the-way,-0.194553728,-0.958075881,0.203067139,1,0.203067139,0.203067139,,,,,,,,,,,,,,,,,,,,,,,,,,,,,,,,,,
4/29/2021,https://www.fool.com/investing/2021/04/29/ge-earnings-no-cause-for-disappointment/?source=iedfolrf0000001,0.014899979,0.098417327,0.273110681,4,0.290541587,0.290541587,0.281230715,0.295359538,0.225310883,,,,,,,,,,,,,,,0.281230715,0.295359538,0.225310883,,,,,,,,,,,,,,
4/30/2021,http://www.marketwatch.com/news/story.asp?guid=%7B21005575-02D4-D4B5-4572-D3D78D72A83A%7D&siteid=rss&rss=1,-0.260623062,-0.999389648,0.26078223,1,0.26078223,0.26078223,,,,,,,,,,,,,,,,,,,,,,,,,,,,,,,,,,
5/1/2021,https://www.fool.com/investing/2021/05/01/heres-what-ges-latest-earnings-really-mean-to-inve/?source=iedfolrf0000001,0.176610377,-0.040710364,0.434157021,7,0.282353326,0.282353326,0.221003849,0.288284135,0.215305182,0.273241098,1.533600742,0.225310817,,,,,,,,,,,,0.221003849,0.288284135,0.215305182,0.273241098,1.533600742,0.225310817,,,,,,,,,,,
5/1/2021,https://www.fool.com/investing/2021/05/01/3-companies-that-will-thrive-long-term/?source=iedfolrf0000001,0.203828313,0.993576229,0.205146125,1,0.205146125,0.205146125,,,,,,,,,,,,,,,,,,,,,,,,,,,,,,,,,,
5/1/2021,http://www.marketwatch.com/news/story.asp?guid=%7B21005575-02D4-D4B5-4572-D3D9AE7C5692%7D&siteid=rss&rss=1,-0.29780918,-0.998433053,0.298276564,1,0.298276564,0.298276564,,,,,,,,,,,,,,,,,,,,,,,,,,,,,,,,,,
5/3/2021,http://www.zacks.com/research-daily/1493474/top-analyst-reports-for-coca-cola-att-royal-dutch-shell?cid=CS-ZC-FT-research_daily-1493474,1.625015236,0.663068712,2.450749383,1,2.450749383,2.450749383,,,,,,,,,,,,,,,,,,,,,,,,,,,,,,,,,,
5/5/2021,http://www.zacks.com/stock/news/1505232/crane-cr-beats-q1-earnings-and-sales-estimates-ups-view?cid=CS-ZC-FT-analyst_blog|earnings_article-1505232,-0.195139175,-0.968100488,0.201569132,1,0.201569132,0.201569132,,,,,,,,,,,,,,,,,,,,,,,,,,,,,,,,,,
5/5/2021,https://www.benzinga.com/general/education/21/05/20964728/this-day-in-market-history-panic-of-1893-crashes-stock-market,-0.244052189,-0.99877125,0.244352437,1,0.244352437,0.244352437,,,,,,,,,,,,,,,,,,,,,,,,,,,,,,,,,,
5/6/2021,http://www.zacks.com/stock/news/1512107/general-electric-ge-flat-as-market-gains-what-you-should-know?cid=CS-ZC-FT-tale_of_the_tape|yseop_template_6-1512107,0.652889553,0.840628892,0.706611799,2,1.134666685,1.134666685,0.278556914,,,,,,,,,,,,,,,,,0.278556914,,,,,,,,,,,,,,,,
5/9/2021,https://www.fool.com/investing/2021/05/09/is-now-the-time-to-invest-in-renewable-energy-stoc/?source=iedfolrf0000001,-0.139643481,-0.001696855,0.601508635,6,1.167450687,1.167450687,0.835576409,0.218910555,0.284086567,0.877717778,0.225309815,,,,,,,,,,,,,0.835576409,0.218910555,0.284086567,0.877717778,0.225309815,,,,,,,,,,,,
5/10/2021,http://www.zacks.com/stock/news/1530517/has-general-electric-ge-outpaced-other-conglomerates-stocks-this-year?cid=CS-ZC-FT-tale_of_the_tape|yseop_template_1-1530517,2.557311091,0.910657287,2.808203622,1,2.808203622,2.808203622,,,,,,,,,,,,,,,,,,,,,,,,,,,,,,,,,,
5/12/2021,https://www.fool.com/investing/altenergystocks/2021/05/12/ge-renewable-energy-turbines-to-power-first-major/?source=iedfolrf0000001,0.561545534,0.908488229,0.581829852,4,0.223466367,0.223466367,0.216388235,1.662155957,0.22530885,,,,,,,,,,,,,,,0.216388235,1.662155957,0.22530885,,,,,,,,,,,,,,
5/12/2021,http://www.marketwatch.com/news/story.asp?guid=%7B20C05575-04D4-B545-740F-87062C3192F0%7D&siteid=rss&rss=1,-0.237312553,-0.965663075,0.245750883,1,0.245750883,0.245750883,,,,,,,,,,,,,,,,,,,,,,,,,,,,,,,,,,
5/12/2021,http://www.zacks.com/stock/news/1540965/general-electric-ge-signs-offshore-wind-deal-with-toshiba?cid=CS-ZC-FT-analyst_blog|company_news_-_corporate_actions-1540965,0.677201345,0.018256873,0.876448763,2,1.553583431,1.553583431,0.199314095,,,,,,,,,,,,,,,,,0.199314095,,,,,,,,,,,,,,,,
5/13/2021,https://www.fool.com/investing/2021/05/13/general-electric-raytheon-technologies-and-the-7-b/?source=iedfolrf0000001,-0.376018003,0.126512006,0.819222486,4,0.27143078,0.27143078,2.211582234,0.56856691,0.22531002,,,,,,,,,,,,,,,2.211582234,0.56856691,0.22531002,,,,,,,,,,,,,,
5/15/2021,https://www.fool.com/investing/2021/05/14/general-electric-stock-has-nearly-30-upside-says-a/?source=iedfolrf0000001,-0.257302093,-0.331247211,0.408810479,3,0.508092648,0.508092648,0.49303423,0.225304558,,,,,,,,,,,,,,,,0.49303423,0.225304558,,,,,,,,,,,,,,,
5/16/2021,https://www.investing.com/analysis/can-industrial-etfs-gain-despite-mixed-q1-earnings-200580408,-1.153607347,-0.98513341,1.1666631,3,0.841522678,0.841522678,1.398139988,1.260326633,,,,,,,,,,,,,,,,1.398139988,1.260326633,,,,,,,,,,,,,,,
5/19/2021,http://www.zacks.com/stock/news/1576849/general-electrics-ge-renewable-energy-secures-twin-contracts?cid=CS-ZC-FT-analyst_blog|company_news_-_corporate_actions-1576849,-0.470634719,-0.349577308,0.662275677,3,0.279529186,0.279529186,0.279204638,1.428093208,,,,,,,,,,,,,,,,0.279204638,1.428093208,,,,,,,,,,,,,,,
5/20/2021,http://www.zacks.com/stock/news/1581556/canadian-solar-csiq-habitat-energy-ink-battery-storage-deal?cid=CS-ZC-FT-analyst_blog|company_news_-_corporate_actions-1581556,-0.206204691,-0.982668817,0.209674431,2,0.198517194,0.198517194,0.220831667,,,,,,,,,,,,,,,,,0.220831667,,,,,,,,,,,,,,,,
5/20/2021,http://www.zacks.com/stock/news/1581808/general-electric-ge-unit-wins-wind-turbine-supply-contract?cid=CS-ZC-FT-analyst_blog|company_news_-_corporate_actions-1581808,-1.412911992,-0.989514828,1.427883597,1,1.427883597,1.427883597,,,,,,,,,,,,,,,,,,,,,,,,,,,,,,,,,,
5/22/2021,https://www.fool.com/investing/2021/05/22/ge-aviation-just-won-a-huge-order/?source=iedfolrf0000001,0.110488357,0.506908342,0.248031175,4,0.279140383,0.279140383,0.202129671,0.285544626,0.22531002,,,,,,,,,,,,,,,0.202129671,0.285544626,0.22531002,,,,,,,,,,,,,,
5/23/2021,https://www.fool.com/investing/2021/05/23/is-ge-stock-undervalued-right-now/?source=iedfolrf0000001,-0.022093513,-0.206757271,0.334475256,5,0.290009117,0.290009117,0.567364815,0.298209899,0.291481182,0.225311264,,,,,,,,,,,,,,0.567364815,0.298209899,0.291481182,0.225311264,,,,,,,,,,,,,
5/24/2021,http://www.zacks.com/stock/news/1598198/iea-urges-to-halt-fossil-fuel-investment-green-stocks-to-gain?cid=CS-ZC-FT-analyst_blog|industry_focus-1598198,-0.405297199,-0.292982062,0.646606339,3,1.510371341,1.510371341,0.208287366,0.221160311,,,,,,,,,,,,,,,,0.208287366,0.221160311,,,,,,,,,,,,,,,
5/25/2021,http://www.zacks.com/stock/news/1604287/general-electric-ge-announces-tender-offers-for-multiple-notes?cid=CS-ZC-FT-analyst_blog|company_news_-_corporate_actions-1604287,-0.279399303,-0.976222992,0.286204387,1,0.286204387,0.286204387,,,,,,,,,,,,,,,,,,,,,,,,,,,,,,,,,,
5/25/2021,http://www.zacks.com/stock/news/1602723/the-zacks-analyst-blog-highlights-tesla-solaredge-technologies-first-solar-and-general-electric?cid=CS-ZC-FT-press_releases-1602723,-0.717882689,-0.977829933,0.739261003,3,0.525596018,0.525596018,1.471026679,0.221160311,,,,,,,,,,,,,,,,1.471026679,0.221160311,,,,,,,,,,,,,,,
5/26/2021,https://www.benzinga.com/general/education/21/05/21298474/this-day-in-market-history-charles-dow-launches-dow-jones-industrial-average,-0.198851791,-0.995119691,0.199827008,1,0.199827008,0.199827008,,,,,,,,,,,,,,,,,,,,,,,,,,,,,,,,,,
5/26/2021,https://www.fool.com/investing/2021/05/26/is-danaher-stock-a-buy/?source=iedfolrf0000001,-1.365514667,-0.985265553,1.385935663,1,1.385935663,1.385935663,,,,,,,,,,,,,,,,,,,,,,,,,,,,,,,,,,
5/26/2021,http://www.marketwatch.com/news/story.asp?guid=%7B20C05575-04D4-B545-7454-F1F8B1A11D88%7D&siteid=rss&rss=1,-0.21111931,-0.996806264,0.211795729,1,0.211795729,0.211795729,,,,,,,,,,,,,,,,,,,,,,,,,,,,,,,,,,
5/26/2021,https://www.fool.com/investing/2021/05/26/does-ge-have-too-much-debt-not-for-long/?source=iedfolrf0000001,0.104799687,0.416537002,0.274421666,4,0.296196345,0.296196345,0.2899811,0.286198279,0.225310942,,,,,,,,,,,,,,,0.2899811,0.286198279,0.225310942,,,,,,,,,,,,,,
5/27/2021,https://www.fool.com/investing/2021/05/27/why-general-electric-stock-just-jumped/?source=iedfolrf0000001,-0.09754906,-0.298341672,0.256950013,3,0.261131842,0.261131842,0.284408944,0.225309252,,,,,,,,,,,,,,,,0.284408944,0.225309252,,,,,,,,,,,,,,,
5/27/2021,https://www.fool.com/investing/2021/05/27/general-electric-teams-up-with-big-oil-to-drive-re/?source=iedfolrf0000001,0.255454294,0.994344532,0.256993803,5,0.279141059,0.279141059,0.268922187,0.290916092,0.220679108,0.225310566,,,,,,,,,,,,,,0.268922187,0.290916092,0.220679108,0.225310566,,,,,,,,,,,,,
5/27/2021,http://www.zacks.com/stock/news/1614447/why-is-ge-ge-up-15-since-last-earnings-report?cid=CS-ZC-FT-realtime_blog-1614447,-0.262170936,-0.995633125,0.263326824,3,0.277145247,0.277145247,0.246062203,0.266773023,,,,,,,,,,,,,,,,0.246062203,0.266773023,,,,,,,,,,,,,,,
5/27/2021,http://www.zacks.com/stock/news/1613801/general-electric-ge-partners-shell-launches-inspection-solution?cid=CS-ZC-FT-analyst_blog|company_news_-_corporate_actions-1613801,3.351793938,0.995487392,3.366987835,1,3.366987835,3.366987835,,,,,,,,,,,,,,,,,,,,,,,,,,,,,,,,,,
5/27/2021,http://www.zacks.com/stock/news/1613809/delta-air-dal-appoints-dan-janki-as-its-new-evp-cfo?cid=CS-ZC-FT-analyst_blog|company_news_-_corporate_actions-1613809,0.246551769,0.998747587,0.246860941,1,0.246860941,0.246860941,,,,,,,,,,,,,,,,,,,,,,,,,,,,,,,,,,
5/28/2021,http://www.zacks.com/research-daily/1619860/top-research-reports-for-facebook-visa-walt-disney?cid=CS-ZC-FT-research_daily-1619860,2.20156946,0.997431815,2.207238057,1,2.207238057,2.207238057,,,,,,,,,,,,,,,,,,,,,,,,,,,,,,,,,,
5/28/2021,https://www.benzinga.com/markets/options/21/05/21339575/analyzing-general-electrics-unusual-options-activity,-0.221245605,-0.992355347,0.222949981,1,0.222949981,0.222949981,,,,,,,,,,,,,,,,,,,,,,,,,,,,,,,,,,
5/28/2021,http://www.zacks.com/stock/news/1620171/general-electric-ge-receives-multiple-contracts-shares-rise?cid=CS-ZC-FT-analyst_blog|company_news_-_corporate_actions-1620171,-0.794875024,-0.924339771,0.853116539,2,0.289885192,0.289885192,1.416347887,,,,,,,,,,,,,,,,,1.416347887,,,,,,,,,,,,,,,,
5/28/2021,http://www.zacks.com/stock/news/1618874/general-electric-ge-soars-71-is-further-upside-left-in-the-stock?cid=CS-ZC-FT-tale_of_the_tape|daily_price_change_5%-1618874,0.264095572,0.929111004,0.284245446,1,0.284245446,0.284245446,,,,,,,,,,,,,,,,,,,,,,,,,,,,,,,,,,
5/29/2021,https://www.fool.com/investing/2021/05/29/3-great-stocks-you-can-buy-on-sale/?source=iedfolrf0000001,0.361333054,-0.332670927,0.637730352,3,0.204743307,0.204743307,0.208434575,1.500013174,,,,,,,,,,,,,,,,0.208434575,1.500013174,,,,,,,,,,,,,,,
5/30/2021,https://www.fool.com/investing/2021/05/30/could-nano-x-be-a-millionaire-maker-stock/?source=iedfolrf0000001,1.529842559,0.998313189,1.532427475,1,1.532427475,1.532427475,,,,,,,,,,,,,,,,,,,,,,,,,,,,,,,,,,
5/31/2021,http://www.zacks.com/stock/news/1633771/why-general-electric-ge-is-a-top-stock-for-the-long-term?cid=CS-ZC-FT-tale_of_the_tape|zacks_education_focus_list-1633771,0.616628331,0.982760578,0.621807062,2,0.20657142,0.20657142,1.037042705,,,,,,,,,,,,,,,,,1.037042705,,,,,,,,,,,,,,,,
5/31/2021,https://www.investing.com/analysis/6-stock-market-predictions-for-the-week-of-june-1-200583419,-0.200772933,-0.999389887,0.200895502,1,0.200895502,0.200895502,,,,,,,,,,,,,,,,,,,,,,,,,,,,,,,,,,
5/31/2021,http://www.zacks.com/stock/news/1634265/hc2-holdings-hchc-unit-buys-banker-steel-enters-credit-agreement?cid=CS-ZC-FT-analyst_blog|company_news_-_corporate_actions-1634265,0.172351368,0.87626493,0.196688652,1,0.196688652,0.196688652,,,,,,,,,,,,,,,,,,,,,,,,,,,,,,,,,,
5/31/2021,https://www.investing.com/analysis/what-the-att-dividend-cut-really-means-and-3-huge-dividends-to-buy-instead-200583323,-0.208943408,-0.997655272,0.209434475,1,0.209434475,0.209434475,,,,,,,,,,,,,,,,,,,,,,,,,,,,,,,,,,
6/1/2021,http://www.zacks.com/stock/news/1638180/the-zacks-analyst-blog-highlights-facebook-visa-disney-exxon-mobil-and-general-electric?cid=CS-ZC-FT-press_releases-1638180,-0.462633605,-0.809201062,0.571716507,1,0.571716507,0.571716507,,,,,,,,,,,,,,,,,,,,,,,,,,,,,,,,,,
6/3/2021,https://www.fool.com/investing/2021/06/03/2-billion-reasons-why-general-electric-can-outperf/?source=iedfolrf0000001,-0.202239745,-0.237343609,0.386140615,5,0.257333443,0.257333443,0.269163437,0.891877162,0.28701809,0.225310942,,,,,,,,,,,,,,0.269163437,0.891877162,0.28701809,0.225310942,,,,,,,,,,,,,
6/4/2021,https://www.benzinga.com/markets/18/06/11822060/this-day-in-market-history-kidder-peabody-co-pays-25m-insider-,-0.276830792,-0.998879254,0.277141397,1,0.277141397,0.277141397,,,,,,,,,,,,,,,,,,,,,,,,,,,,,,,,,,
6/6/2021,https://www.investing.com/analysis/3-oil-services-stocks-to-buy-now-200584402,0.265978539,0.989965141,0.268674651,1,0.268674651,0.268674651,,,,,,,,,,,,,,,,,,,,,,,,,,,,,,,,,,
6/6/2021,https://www.fool.com/investing/2021/06/06/better-buy-ge-vs-honeywell/,0.105996479,0.227938712,0.324357454,5,0.280771278,0.280771278,0.283418539,0.57183118,0.260455184,0.225311089,,,,,,,,,,,,,,0.283418539,0.57183118,0.260455184,0.225311089,,,,,,,,,,,,,
6/7/2021,https://www.benzinga.com/analyst-ratings/analyst-color/21/06/21453609/general-electric-analyst-weighs-in-on-ceo-larry-culps-latest-guidance,-1.112057624,-0.934234023,1.190341603,1,1.190341603,1.190341603,,,,,,,,,,,,,,,,,,,,,,,,,,,,,,,,,,
6/8/2021,https://www.benzinga.com/trading-ideas/technicals/21/06/21471430/this-is-the-critical-level-for-ges-stock,-0.234456389,-0.826091468,0.283814079,1,0.283814079,0.283814079,,,,,,,,,,,,,,,,,,,,,,,,,,,,,,,,,,
6/9/2021,https://www.zacks.com/stock/news/1680483/general-electric-ge-prices-tender-offer-to-reduce-debt,-0.224823285,-0.863687068,0.258887006,2,0.268758308,0.268758308,0.249015703,,,,,,,,,,,,,,,,,0.249015703,,,,,,,,,,,,,,,,
6/10/2021,https://www.zacks.com/stock/news/1685444/general-electric-ge-xignuxs-jv-unit-to-buy-spx-transformer,1.550375888,0.996795118,1.555360636,1,1.555360636,1.555360636,,,,,,,,,,,,,,,,,,,,,,,,,,,,,,,,,,
6/11/2021,https://www.zacks.com/research-daily/1691375/top-analyst-reports-for-microsoft-nike-novo-nordisk,2.496540838,0.998127162,2.501225227,1,2.501225227,2.501225227,,,,,,,,,,,,,,,,,,,,,,,,,,,,,,,,,,
6/14/2021,https://www.zacks.com/stock/news/1704748/the-zacks-analyst-blog-highlights-microsoft-nike-novo-nordisk-caterpillar-and-general-electric,0.498076065,0.844890594,0.589515457,1,0.589515457,0.589515457,,,,,,,,,,,,,,,,,,,,,,,,,,,,,,,,,,
6/14/2021,https://www.marketwatch.com/story/dow-s-p-500-set-for-muted-rise-to-records-as-stock-market-gears-up-for-fed-meeting-11623668688,-0.197282366,-0.994485795,0.198376253,1,0.198376253,0.198376253,,,,,,,,,,,,,,,,,,,,,,,,,,,,,,,,,,
6/14/2021,https://www.marketwatch.com/story/infrastructure-talks-are-faltering-but-these-stocks-can-still-benefit-from-the-biden-plan-citi-says-11623669739,-0.143083654,-0.701280236,0.204032064,1,0.204032064,0.204032064,,,,,,,,,,,,,,,,,,,,,,,,,,,,,,,,,,
6/16/2021,https://www.zacks.com/stock/news/1717367/earnings-growth-price-strength-make-general-electric-ge-a-stock-to-watch,0.607052966,0.966019213,0.621055856,2,0.20628789,0.20628789,1.035823822,,,,,,,,,,,,,,,,,1.035823822,,,,,,,,,,,,,,,,
6/17/2021,https://www.zacks.com/stock/news/1723388/general-electric-ge-arm-clinches-wind-turbine-deal-in-india,-1.456519116,-0.954742253,1.525562644,1,1.525562644,1.525562644,,,,,,,,,,,,,,,,,,,,,,,,,,,,,,,,,,
6/18/2021,https://www.benzinga.com/trading-ideas/long-ideas/21/06/21630889/intel-and-walgreens-lead-the-dow-jones-lower-friday,-0.213866036,-0.996255755,0.214669812,1,0.214669812,0.214669812,,,,,,,,,,,,,,,,,,,,,,,,,,,,,,,,,,
6/18/2021,https://www.investing.com/analysis/is-ge-still-a-buy-after-22-jump-this-year-200586768,-0.574503021,-0.981351018,0.590368518,2,0.296740761,0.296740761,0.883996275,,,,,,,,,,,,,,,,,0.883996275,,,,,,,,,,,,,,,,
6/18/2021,https://www.zacks.com/stock/news/1728174/danahers-dhr-aldevron-buyout-to-aid-genomic-medicine,2.02679781,0.942265034,2.150984848,1,2.150984848,2.150984848,,,,,,,,,,,,,,,,,,,,,,,,,,,,,,,,,,
6/18/2021,https://www.benzinga.com/trading-ideas/long-ideas/21/06/21626668/heres-where-general-electric-stock-could-find-support,-1.038395003,-0.998655915,1.039792573,1,1.039792573,1.039792573,,,,,,,,,,,,,,,,,,,,,,,,,,,,,,,,,,
6/19/2021,https://www.fool.com/investing/2021/06/19/ge-and-safran-trash-boeing-ceos-jet-engine-predict/,-0.333172678,0.040802211,0.603338837,4,1.733741104,1.733741104,0.246160768,0.208145912,0.225307562,,,,,,,,,,,,,,,0.246160768,0.208145912,0.225307562,,,,,,,,,,,,,,
6/19/2021,https://www.marketwatch.com/story/bill-gatess-beach-reads-the-fall-of-ge-obamas-latest-memoir-and-the-complicated-relationship-between-humans-vs-nature-11623794149,0.247704707,0.994283885,0.249243294,2,0.211963243,0.211963243,0.286523345,,,,,,,,,,,,,,,,,0.286523345,,,,,,,,,,,,,,,,
6/21/2021,https://www.zacks.com/commentary/1741862/5-stocks-to-ride-high-in-booming-diversified-operations-industry,1.029247557,-0.098543257,1.53207238,2,2.84572017,2.84572017,0.218424591,,,,,,,,,,,,,,,,,0.218424591,,,,,,,,,,,,,,,,
6/21/2021,https://www.fool.com/investing/2021/06/21/will-this-reverse-stock-split-be-a-rare-winner/,0.090973328,0.205880245,0.341173004,3,0.512563897,0.512563897,0.219549867,0.291405249,,,,,,,,,,,,,,,,0.219549867,0.291405249,,,,,,,,,,,,,,,
6/21/2021,https://www.fool.com/investing/2021/06/21/do-general-electrics-growth-plans-add-up/,0.077768394,0.320540796,0.27388528,6,0.288395169,0.288395169,0.289098194,0.286799254,0.269485402,0.284222531,0.22531113,,,,,,,,,,,,,0.289098194,0.286799254,0.269485402,0.284222531,0.22531113,,,,,,,,,,,,
6/21/2021,https://www.benzinga.com/trading-ideas/long-ideas/21/06/21645845/is-ges-stock-about-to-make-a-big-move,-0.282847854,-0.998477519,0.283279141,1,0.283279141,0.283279141,,,,,,,,,,,,,,,,,,,,,,,,,,,,,,,,,,
6/26/2021,https://www.fool.com/investing/2021/06/26/better-buy-ge-vs-3m/,-0.331647846,-0.987738645,0.335775998,5,0.261930204,0.261930204,0.281956216,0.286580274,0.269726988,0.578686309,,,,,,,,,,,,,,0.281956216,0.286580274,0.269726988,0.578686309,,,,,,,,,,,,,
6/28/2021,https://www.fool.com/investing/2021/06/28/5-stocks-to-buy-on-a-dip/,0.655079723,0.495015204,0.774490968,4,0.217798074,0.217798074,0.253745365,2.401112872,0.225307562,,,,,,,,,,,,,,,0.253745365,2.401112872,0.225307562,,,,,,,,,,,,,,
6/28/2021,https://www.benzinga.com/trading-ideas/long-ideas/21/06/21747861/is-it-time-to-buy-ges-stock,-0.260051191,-0.946563542,0.274731891,1,0.274731891,0.274731891,,,,,,,,,,,,,,,,,,,,,,,,,,,,,,,,,,
6/29/2021,https://invezz.com/news/2021/06/29/goldman-sachs-general-electric-stock-could-climb-by-24/,-0.383513979,-0.004304469,0.656979208,2,0.273238062,0.273238062,1.040720354,,,,,,,,,,,,,,,,,1.040720354,,,,,,,,,,,,,,,,
6/29/2021,https://www.benzinga.com/trading-ideas/long-ideas/21/06/21773823/is-general-electrics-reverse-stock-split-a-smart-move-josh-brown-thinks-so,-0.247864552,-0.998705506,0.248185827,1,0.248185827,0.248185827,,,,,,,,,,,,,,,,,,,,,,,,,,,,,,,,,,
6/29/2021,https://www.zacks.com/stock/news/1755659/is-general-electric-ge-outperforming-other-conglomerates-stocks-this-year,2.689679082,0.955269694,2.815622748,1,2.815622748,2.815622748,,,,,,,,,,,,,,,,,,,,,,,,,,,,,,,,,,
6/29/2021,https://www.benzinga.com/trading-ideas/long-ideas/21/06/21775297/nike-and-apple-lead-the-dia-in-a-mixed-day-of-trading,-0.207038854,-0.984428525,0.21031375,1,0.21031375,0.21031375,,,,,,,,,,,,,,,,,,,,,,,,,,,,,,,,,,
7/1/2021,https://www.zacks.com/stock/news/1756689/enphase-enph-unveils-encharge-storage-system-in-germany,-0.012652928,-0.030137986,0.214260679,2,0.207851813,0.207851813,0.220669546,,,,,,,,,,,,,,,,,0.220669546,,,,,,,,,,,,,,,,
7/6/2021,https://www.benzinga.com/trading-ideas/long-ideas/21/07/21859178/is-it-time-to-buy-general-electric-stock,-0.269378461,-0.982903779,0.274063919,1,0.274063919,0.274063919,,,,,,,,,,,,,,,,,,,,,,,,,,,,,,,,,,
7/7/2021,https://www.fool.com/investing/2021/07/07/is-goldman-sachs-right-to-be-bullish-on-general-el/,-0.248915161,-0.115465692,0.48449571,7,1.151162177,1.151162177,0.260342344,0.28723763,0.291433799,0.892297019,0.283685958,0.225311044,,,,,,,,,,,,0.260342344,0.28723763,0.291433799,0.892297019,0.283685958,0.225311044,,,,,,,,,,,
7/8/2021,https://www.zacks.com/stock/news/1759409/general-electric-ge-stock-moves--085-what-you-should-know,-0.157044157,0.005010337,0.446687934,2,0.607886058,0.607886058,0.28548981,,,,,,,,,,,,,,,,,0.28548981,,,,,,,,,,,,,,,,
7/8/2021,https://www.marketwatch.com/story/synchrony-is-planning-to-get-cardholders-to-use-their-cards-more-11625766660,-0.025428607,0.228509814,0.345199104,2,0.482114313,0.482114313,0.208283895,,,,,,,,,,,,,,,,,0.208283895,,,,,,,,,,,,,,,,
7/9/2021,https://www.benzinga.com/trading-ideas/long-ideas/21/07/21914492/general-electric-stock-holds-critical-support-looks-set-to-bounce,-1.031378605,-0.995478719,1.037973328,2,1.859566149,1.859566149,0.216380507,,,,,,,,,,,,,,,,,0.216380507,,,,,,,,,,,,,,,,
7/9/2021,https://www.zacks.com/stock/news/1759929/general-electric-ge-wins-turbine-deal-from-european-energy,0.2429622,0.994714677,0.244253157,1,0.244253157,0.244253157,,,,,,,,,,,,,,,,,,,,,,,,,,,,,,,,,,
7/10/2021,https://www.marketwatch.com/story/no-fans-at-the-tokyo-olympics-will-lead-to-at-least-800-million-in-ticket-sale-losses-analyst-says-11625854693,-0.206718831,-0.997349858,0.207268121,1,0.207268121,0.207268121,,,,,,,,,,,,,,,,,,,,,,,,,,,,,,,,,,
7/10/2021,https://www.marketwatch.com/story/in-the-oil-boomtown-of-houston-tech-is-building-a-new-home-in-the-shell-of-an-older-economy-11625782190,0.202215851,0.987734497,0.204726929,1,0.204726929,0.204726929,,,,,,,,,,,,,,,,,,,,,,,,,,,,,,,,,,
7/13/2021,https://www.fool.com/investing/2021/07/13/why-general-electric-stock-climbed-higher-in-the-f/,0.009127988,0.058458179,0.248408717,4,0.221002866,0.221002866,0.25645398,0.290868206,0.225309815,,,,,,,,,,,,,,,0.25645398,0.290868206,0.225309815,,,,,,,,,,,,,,
7/13/2021,https://www.zacks.com/stock/news/1761070/canadian-solar-csiq-wins-45mw-storage-project-in-colombia,-0.012257252,-0.007326633,0.210003289,2,0.19917491,0.19917491,0.220831667,,,,,,,,,,,,,,,,,0.220831667,,,,,,,,,,,,,,,,
7/15/2021,https://www.marketwatch.com/story/servicemax-to-go-public-in-1-4-billion-spac-deal-11626383593,-0.170904988,-0.788169086,0.216837974,1,0.216837974,0.216837974,,,,,,,,,,,,,,,,,,,,,,,,,,,,,,,,,,
7/15/2021,https://www.benzinga.com/general/education/21/07/14073779/this-day-in-market-history-msnbc-debuts,-0.225157518,-0.928561926,0.242479809,1,0.242479809,0.242479809,,,,,,,,,,,,,,,,,,,,,,,,,,,,,,,,,,
7/15/2021,https://www.fool.com/investing/2021/07/15/why-is-everyone-talking-about-general-electric-sto/,0.145198186,0.081571128,0.438793429,7,0.27482333,0.27482333,0.273988341,0.284963181,0.213016615,0.270536096,1.528915558,0.225310883,,,,,,,,,,,,0.273988341,0.284963181,0.213016615,0.270536096,1.528915558,0.225310883,,,,,,,,,,,
7/19/2021,https://www.fool.com/investing/2021/07/19/why-shares-in-general-electric-are-falling-today/,-0.10290638,-0.325728575,0.25530042,3,0.258770984,0.258770984,0.281821425,0.22530885,,,,,,,,,,,,,,,,0.281821425,0.22530885,,,,,,,,,,,,,,,
7/19/2021,https://www.fool.com/investing/2021/07/19/why-plug-powers-stock-is-plunging-today/,-1.428078688,-0.996068716,1.433715029,1,1.433715029,1.433715029,,,,,,,,,,,,,,,,,,,,,,,,,,,,,,,,,,
7/20/2021,https://www.zacks.com/stock/news/1764243/carlisle-csl-to-buy-henry-to-boost-construction-business,-0.259170752,-0.988768697,0.262114641,1,0.262114641,0.262114641,,,,,,,,,,,,,,,,,,,,,,,,,,,,,,,,,,
7/20/2021,https://www.zacks.com/stock/news/1764532/general-electric-ge-earnings-expected-to-grow-what-to-know-ahead-of-next-weeks-release,-0.414981323,-0.95849063,0.426737579,3,0.760342226,0.760342226,0.269401527,0.250468984,,,,,,,,,,,,,,,,0.269401527,0.250468984,,,,,,,,,,,,,,,
7/20/2021,https://www.fool.com/investing/2021/07/20/why-general-electric-stock-bounced-back-today/,-0.085491248,-0.324460189,0.237698416,3,0.217011879,0.217011879,0.270775807,0.225307562,,,,,,,,,,,,,,,,0.270775807,0.225307562,,,,,,,,,,,,,,,
7/23/2021,https://www.zacks.com/stock/news/1767087/general-electric-ge-gains-but-lags-market-what-you-should-know,-0.163924882,0.000551909,0.442891963,2,0.607484412,0.607484412,0.278299514,,,,,,,,,,,,,,,,,0.278299514,,,,,,,,,,,,,,,,
7/23/2021,https://www.zacks.com/stock/news/1766825/general-electric-ge-to-post-q2-earnings-whats-in-store,-0.206803619,-0.993920982,0.208068253,2,0.207708183,0.207708183,0.208428322,,,,,,,,,,,,,,,,,0.208428322,,,,,,,,,,,,,,,,
7/23/2021,https://www.benzinga.com/trading-ideas/long-ideas/21/07/22127702/general-electrics-stock-looks-set-to-break-out-ahead-of-earnings,-0.936010158,-0.998118321,0.938992245,3,0.556087097,0.556087097,2.042931263,0.217958375,,,,,,,,,,,,,,,,2.042931263,0.217958375,,,,,,,,,,,,,,,
7/26/2021,https://www.marketwatch.com/story/with-a-cost-of-over-20-billion-and-decreased-revenue-due-to-no-fans-the-question-is-how-many-billions-will-tokyo-lose-on-the-olympics-11627045707,-0.200085298,-0.997298419,0.200627308,1,0.200627308,0.200627308,,,,,,,,,,,,,,,,,,,,,,,,,,,,,,,,,,
7/26/2021,https://www.marketwatch.com/story/ge-stock-extends-bounce-ahead-of-earnings-11627322243,-1.031728679,-0.994088307,1.041203852,4,0.22051731,0.22051731,0.988637074,2.667855152,0.287805874,,,,,,,,,,,,,,,0.988637074,2.667855152,0.287805874,,,,,,,,,,,,,,
7/27/2021,https://www.marketwatch.com/story/u-s-stock-futures-slip-ahead-of-tech-results-as-china-crackdown-casts-shadow-11627377644,0.221934432,0.998398483,0.222290434,1,0.222290434,0.222290434,,,,,,,,,,,,,,,,,,,,,,,,,,,,,,,,,,
7/27/2021,https://www.benzinga.com/news/earnings/21/07/22172254/general-electric-stock-gains-on-q2-earnings-beat-positive-industrial-fcf-raised-outlook,0.608827204,0.698567867,0.871536228,1,0.871536228,0.871536228,,,,,,,,,,,,,,,,,,,,,,,,,,,,,,,,,,
7/27/2021,https://www.benzinga.com/news/earnings/21/07/22167743/ge-stock-a-technical-analysis,-0.271450705,-0.991066992,0.273897433,1,0.273897433,0.273897433,,,,,,,,,,,,,,,,,,,,,,,,,,,,,,,,,,
7/27/2021,https://www.zacks.com/stock/news/1768460/general-electric-ge-beats-q2-earnings-estimates-hikes-view,-0.068438171,-0.363645534,0.237832236,3,0.26645624,0.26645624,0.246262423,0.200778045,,,,,,,,,,,,,,,,0.246262423,0.200778045,,,,,,,,,,,,,,,
7/27/2021,https://www.zacks.com/stock/news/1768368/big-day-for-q2-earnings-econ-data,-0.205645977,-0.969765782,0.211979991,3,0.209011522,0.209011522,0.209448437,0.217480014,,,,,,,,,,,,,,,,0.209448437,0.217480014,,,,,,,,,,,,,,,
7/27/2021,https://www.zacks.com/stock/news/1768416/durable-goods-order-in-june-lags-expectation,-0.206490731,-0.994193017,0.207670098,2,0.197863807,0.197863807,0.217476389,,,,,,,,,,,,,,,,,0.217476389,,,,,,,,,,,,,,,,
7/27/2021,https://www.benzinga.com/news/earnings/21/07/22164911/7-stocks-to-watch-for-july-27-2021,-0.250868591,-0.986188591,0.254381964,1,0.254381964,0.254381964,,,,,,,,,,,,,,,,,,,,,,,,,,,,,,,,,,
7/27/2021,https://www.benzinga.com/news/earnings/21/07/22165599/a-peek-into-the-markets-us-stock-futures-down-ahead-of-tech-earnings,-1.46460709,-0.997640133,1.468071544,1,1.468071544,1.468071544,,,,,,,,,,,,,,,,,,,,,,,,,,,,,,,,,,
7/27/2021,https://www.marketwatch.com/story/how-chinas-stock-market-meltdown-puts-u-s-investors-at-risk-11627383978,-0.838221985,-0.997282386,0.840506156,1,0.840506156,0.840506156,,,,,,,,,,,,,,,,,,,,,,,,,,,,,,,,,,
7/27/2021,https://www.investing.com/analysis/3-easy-steps-for-buying-and-selling-dividend-stocks-for-43-gains-200593828,-0.269054319,-0.99932456,0.269236171,1,0.269236171,0.269236171,,,,,,,,,,,,,,,,,,,,,,,,,,,,,,,,,,
7/27/2021,https://www.zacks.com/stock/news/1768121/general-electric-ge-tops-q2-earnings-and-revenue-estimates,-0.69572781,-0.818814993,0.841485676,2,0.880829604,0.880829604,0.802141748,,,,,,,,,,,,,,,,,0.802141748,,,,,,,,,,,,,,,,
7/28/2021,https://www.fool.com/investing/2021/07/28/tpi-composites-falls-on-preliminary-earnings-shoul/,-1.4734089,-0.822272539,1.791874141,1,1.791874141,1.791874141,,,,,,,,,,,,,,,,,,,,,,,,,,,,,,,,,,
7/28/2021,https://www.benzinga.com/news/earnings/21/07/22205746/why-this-investor-says-a-boeing-recovery-could-send-general-electric-stock-higher,-0.25957583,-0.976785004,0.265745101,1,0.265745101,0.265745101,,,,,,,,,,,,,,,,,,,,,,,,,,,,,,,,,,
7/28/2021,https://www.marketwatch.com/story/ge-stock-jumps-after-earnings-beat-surprise-swing-to-positive-free-cash-flow-11627400451,-0.133521594,-0.441486865,0.258595211,4,0.218751612,0.218751612,0.288726746,0.266222471,0.260680015,,,,,,,,,,,,,,,0.288726746,0.266222471,0.260680015,,,,,,,,,,,,,,
7/30/2021,https://www.marketwatch.com/story/baker-hughes-is-pleased-it-can-buy-back-stock-ge-is-selling-11627660639,-0.137712095,0.010594457,0.41318789,2,0.269000356,0.269000356,0.557375423,,,,,,,,,,,,,,,,,0.557375423,,,,,,,,,,,,,,,,
7/31/2021,https://www.fool.com/investing/2021/07/31/why-ge-power-is-charging-up-again/,-0.557443986,-0.28663973,0.784412834,6,0.22084101,0.22084101,0.27332333,0.252152077,1.432209267,2.302640984,0.225310335,,,,,,,,,,,,,0.27332333,0.252152077,1.432209267,2.302640984,0.225310335,,,,,,,,,,,,
8/1/2021,https://www.benzinga.com/news/small-cap/21/08/22263144/barrons-latest-picks-and-pans-american-express-ge-glaxosmithkline-intel-and-more,-0.266216462,-0.998821557,0.266530553,1,0.266530553,0.266530553,,,,,,,,,,,,,,,,,,,,,,,,,,,,,,,,,,
8/1/2021,https://www.benzinga.com/trading-ideas/long-ideas/21/08/22262489/benzingas-bulls-and-bears-of-the-week-amazon-apple-ge-netflix-tesla-visa-and-more,-0.608320507,-0.99781847,0.609650478,1,0.609650478,0.609650478,,,,,,,,,,,,,,,,,,,,,,,,,,,,,,,,,,
8/1/2021,https://www.fool.com/investing/2021/08/01/general-electric-continues-its-slow-recovery/,-0.016693066,0.187651634,0.33140889,5,0.276254944,0.276254944,0.569130416,0.29282674,0.293521151,0.225311202,,,,,,,,,,,,,,0.569130416,0.29282674,0.293521151,0.225311202,,,,,,,,,,,,,
8/1/2021,https://www.fool.com/investing/2021/08/01/7-stocks-fix-california-once-in-1000-years-drought/,0.847406506,0.99044776,0.859858403,2,1.49441037,1.49441037,0.225306436,,,,,,,,,,,,,,,,,0.225306436,,,,,,,,,,,,,,,,
8/2/2021,https://www.benzinga.com/trading-ideas/long-ideas/21/08/22283382/tesla-and-amd-lead-the-qqq-in-a-mixed-day-of-trading-monday,-0.208912577,-0.996812999,0.20958051,1,0.20958051,0.20958051,,,,,,,,,,,,,,,,,,,,,,,,,,,,,,,,,,
8/2/2021,https://www.marketwatch.com/story/ge-stock-trades-above-100-for-first-time-after-reverse-split-takes-effect-11627920207,-0.41826278,-0.996545196,0.420042076,2,0.546769119,0.546769119,0.293315033,,,,,,,,,,,,,,,,,0.293315033,,,,,,,,,,,,,,,,
8/2/2021,https://www.benzinga.com/trading-ideas/long-ideas/21/08/22277035/so-general-electric-isnt-actually-up-700-but-heres-the-deal,-0.219791108,-0.996016592,0.220669665,2,0.220831667,0.220831667,0.220507663,,,,,,,,,,,,,,,,,0.220507663,,,,,,,,,,,,,,,,
8/2/2021,https://www.benzinga.com/news/earnings/21/08/22275909/could-august-become-7th-straight-month-of-gains-busy-week-could-set-the-tone,-0.264515021,-0.977478027,0.270609685,1,0.270609685,0.270609685,,,,,,,,,,,,,,,,,,,,,,,,,,,,,,,,,,
8/3/2021,https://www.benzinga.com/news/earnings/21/08/22300337/earnings-plus-employment-report-at-end-of-week-could-keep-markets-choppy,-1.025629536,-0.995291382,1.027584689,2,1.84499218,1.84499218,0.210177199,,,,,,,,,,,,,,,,,0.210177199,,,,,,,,,,,,,,,,
8/3/2021,https://www.benzinga.com/trading-ideas/long-ideas/21/08/22298974/thinking-about-buying-stock-in-bank-of-america-general-electric-or-beyond-meat,1.459371089,0.969937444,1.50460331,1,1.50460331,1.50460331,,,,,,,,,,,,,,,,,,,,,,,,,,,,,,,,,,
8/3/2021,https://www.zacks.com/research-daily/1773552/top-analyst-reports-for-alphabet-abbott-t-mobile,2.004767183,0.783940971,2.557293543,1,2.557293543,2.557293543,,,,,,,,,,,,,,,,,,,,,,,,,,,,,,,,,,
8/5/2021,https://www.fool.com/investing/2021/08/05/berkshire-hathaway-markel-or-boston-omaha-which-is/,-0.206723771,-0.986369252,0.20958051,1,0.20958051,0.20958051,,,,,,,,,,,,,,,,,,,,,,,,,,,,,,,,,,
8/6/2021,https://www.fool.com/investing/2021/08/06/why-ges-long-term-future-still-looks-bright/,0.08718108,0.332955052,0.477593958,6,0.287402757,0.287402757,0.883611149,0.883326218,0.287843091,0.298069215,0.225311317,,,,,,,,,,,,,0.883611149,0.883326218,0.287843091,0.298069215,0.225311317,,,,,,,,,,,,
8/9/2021,https://www.benzinga.com/news/21/08/22403308/ge-healthcare-amazon-web-services-form-strategic-collaboration-to-transform-care-delivery-and-help-c,0.237144402,0.809741199,0.292864439,1,0.292864439,0.292864439,,,,,,,,,,,,,,,,,,,,,,,,,,,,,,,,,,
8/10/2021,https://www.benzinga.com/trading-ideas/long-ideas/21/08/22429367/why-this-investor-just-bought-more-general-electric-and-a-stock-which-is-up-nearly-30-fo,-0.189717427,-0.930472434,0.203893656,1,0.203893656,0.203893656,,,,,,,,,,,,,,,,,,,,,,,,,,,,,,,,,,
8/12/2021,https://www.investing.com/analysis/sizzling-producer-price-data-contrasts-with-cool-consumer-print-200598160,-0.205368564,-0.992201805,0.206982655,1,0.206982655,0.206982655,,,,,,,,,,,,,,,,,,,,,,,,,,,,,,,,,,
8/12/2021,https://www.benzinga.com/news/earnings/21/08/22468208/a-three-prong-crucible-markets-eye-record-highs-amid-inflation-fiscal-and-delta-uncertainty,-0.201899103,-0.996263206,0.202656388,1,0.202656388,0.202656388,,,,,,,,,,,,,,,,,,,,,,,,,,,,,,,,,,
8/13/2021,https://www.fool.com/investing/2021/08/13/planes-paints-automobiles/,0.377607438,0.898893446,0.423519096,2,0.579873701,0.579873701,0.267164492,,,,,,,,,,,,,,,,,0.267164492,,,,,,,,,,,,,,,,
8/14/2021,https://www.fool.com/investing/2021/08/14/is-impatience-silently-killing-your-portfolio/,-0.535318821,-0.997676432,0.536565567,1,0.536565567,0.536565567,,,,,,,,,,,,,,,,,,,,,,,,,,,,,,,,,,
8/17/2021,https://www.investing.com/analysis/how-to-frontrun-share-splits-for-fast-40-gains-and-surging-dividends-200599071,-0.288621145,-0.998202324,0.289140927,1,0.289140927,0.289140927,,,,,,,,,,,,,,,,,,,,,,,,,,,,,,,,,,
8/20/2021,https://www.zacks.com/stock/news/1784865/how-are-industrial-etfs-reacting-to-q2-earnings,0.035198399,-0.279700379,1.04972812,3,1.516611941,1.516611941,1.416343963,0.216228457,,,,,,,,,,,,,,,,1.416343963,0.216228457,,,,,,,,,,,,,,,
8/26/2021,https://www.zacks.com/stock/news/1787235/ge-ge-down-03-since-last-earnings-report-can-it-rebound,-0.21918629,-0.881225506,0.252020798,3,0.27708138,0.27708138,0.20145195,0.277529065,,,,,,,,,,,,,,,,0.20145195,0.277529065,,,,,,,,,,,,,,,
8/26/2021,https://www.fool.com/investing/2021/08/26/why-ge-stock-has-underperformed-recently/,-0.197087796,-0.268192947,0.385048463,5,0.273158548,0.273158548,0.294047005,0.271268655,0.86145711,0.225310996,,,,,,,,,,,,,,0.294047005,0.271268655,0.86145711,0.225310996,,,,,,,,,,,,,
8/27/2021,https://www.fool.com/investing/2021/08/27/do-you-like-fruit-will-you-like-dole-stock/,-1.174841442,-0.757538557,1.550866859,1,1.550866859,1.550866859,,,,,,,,,,,,,,,,,,,,,,,,,,,,,,,,,,
8/27/2021,https://www.fool.com/investing/2021/08/27/three-reasons-to-buy-this-undervalued-dividend-sto/,1.9648252,0.984414101,1.99593362,1,1.99593362,1.99593362,,,,,,,,,,,,,,,,,,,,,,,,,,,,,,,,,,
8/27/2021,https://www.benzinga.com/markets/cannabis/21/08/22692391/this-cannabis-company-has-a-better-1-year-return-than-tesla-facebook-ge-and-ford,-0.213007391,-0.986305416,0.215954442,2,0.213007085,0.213007085,0.218901799,,,,,,,,,,,,,,,,,0.218901799,,,,,,,,,,,,,,,,
8/29/2021,https://www.fool.com/investing/2021/08/29/3-reasons-to-buy-butterfly-networks-right-now/,-0.953288132,-0.995210171,0.958699311,2,1.712797405,1.712797405,0.204601217,,,,,,,,,,,,,,,,,0.204601217,,,,,,,,,,,,,,,,
9/1/2021,https://www.investing.com/analysis/concerned-about-drop-in-ge-stock-try-a-bear-put-spread-200600571,-0.22502475,-0.504309952,0.362938534,4,0.641463952,0.641463952,0.27759459,0.284088276,0.248607317,,,,,,,,,,,,,,,0.27759459,0.284088276,0.248607317,,,,,,,,,,,,,,
9/3/2021,https://www.zacks.com/stock/news/1791997/general-electric-ge-dips-more-than-broader-markets-what-you-should-know,-0.428963514,-0.014478505,0.716799012,2,1.147945435,1.147945435,0.285652589,,,,,,,,,,,,,,,,,0.285652589,,,,,,,,,,,,,,,,
9/4/2021,https://www.benzinga.com/news/small-cap/21/09/22809823/the-latest-barrons-picks-and-pans-include-general-electric-netflix-reddit-and-more,-0.242556198,-0.976509929,0.248390919,1,0.248390919,0.248390919,,,,,,,,,,,,,,,,,,,,,,,,,,,,,,,,,,
9/6/2021,https://www.fool.com/investing/2021/09/06/ge-may-sell-another-piece-of-its-power-business/,-0.90841384,-0.498000577,1.023069826,4,0.289841297,0.289841297,3.284055954,0.293071113,0.225310942,,,,,,,,,,,,,,,3.284055954,0.293071113,0.225310942,,,,,,,,,,,,,,
9/7/2021,https://www.airforce-technology.com/news/ge-testing-second-xa100-adaptive-cycle-engine/,0.726375281,-0.020965487,1.063798795,2,0.275157908,0.275157908,1.852439683,,,,,,,,,,,,,,,,,1.852439683,,,,,,,,,,,,,,,,
9/8/2021,https://www.fool.com/investing/2021/09/08/why-investors-should-welcome-ge-selling-a-steam-po/,0.122211854,0.170408939,0.527033368,7,0.285572663,0.285572663,0.27600125,0.215924149,1.512079563,0.876644763,0.29770002,0.225311167,,,,,,,,,,,,0.27600125,0.215924149,1.512079563,0.876644763,0.29770002,0.225311167,,,,,,,,,,,
9/8/2021,https://investorplace.com/2021/09/ge-stock-general-electric-back-to-being-an-american-icon/,0.011357213,-0.332341254,0.37447449,3,0.578606693,0.578606693,0.278751845,0.266064934,,,,,,,,,,,,,,,,0.278751845,0.266064934,,,,,,,,,,,,,,,
9/9/2021,https://www.fool.com/investing/2021/09/09/3-red-hot-healthcare-stocks-to-buy-in-september/,0.194553802,0.998855352,0.194776753,1,0.194776753,0.194776753,,,,,,,,,,,,,,,,,,,,,,,,,,,,,,,,,,
9/13/2021,https://www.zacks.com/research-daily/1795715/top-research-reports-for-eli-lilly-exxon-mobil-lowes,2.540324004,0.996738136,2.548637312,1,2.548637312,2.548637312,,,,,,,,,,,,,,,,,,,,,,,,,,,,,,,,,,
9/13/2021,https://www.fool.com/investing/2021/09/13/general-electric-investors-prepare-for-a-bumpy-qua/,-0.034488475,0.256827633,0.366121769,6,0.29143359,0.29143359,0.851377868,0.271840929,0.284680354,0.272086988,0.225310883,,,,,,,,,,,,,0.851377868,0.271840929,0.284680354,0.272086988,0.225310883,,,,,,,,,,,,
9/14/2021,http://4-traders.com/quote/stock/general-electric-company-4823/news/general-electric-ge-aviation-awarded-u-s-faa-cleen-iii-funding-for-more-sustainable-aviation-tech-36423779/,0.937549315,0.977665703,0.987421349,3,0.291211076,0.291211076,0.285437779,2.385615191,,,,,,,,,,,,,,,,0.285437779,2.385615191,,,,,,,,,,,,,,,
9/15/2021,https://www.marketwatch.com/story/new-investment-firm-endurance-partners-goes-the-distance-with-portfolio-company-ownership-11631717591,0.146919988,0.563626289,0.260669154,1,0.260669154,0.260669154,,,,,,,,,,,,,,,,,,,,,,,,,,,,,,,,,,
9/16/2021,https://www.benzinga.com/government/21/09/22976074/stock-trading-by-regional-fed-presidents-spurs-ethics-review,-0.186133191,-0.983490467,0.189257748,1,0.189257748,0.189257748,,,,,,,,,,,,,,,,,,,,,,,,,,,,,,,,,,
9/17/2021,https://www.benzinga.com/trading-ideas/long-ideas/21/09/22989595/general-electric-stock-forms-this-continuation-pattern-whats-next,-1.413948807,-0.99869588,1.41627372,2,2.573551523,2.573551523,0.258995916,,,,,,,,,,,,,,,,,0.258995916,,,,,,,,,,,,,,,,
9/21/2021,https://www.benzinga.com/news/21/09/23024549/ge-expected-to-ink-2b-deal-with-vietnams-bamboo-airways-for-dreamliner-engines-today,-0.201583032,-0.984643459,0.204726929,1,0.204726929,0.204726929,,,,,,,,,,,,,,,,,,,,,,,,,,,,,,,,,,
9/21/2021,https://www.benzinga.com/news/earnings/21/09/23026545/a-peek-into-the-markets-us-stock-futures-surge-fed-meeting-in-focus,-0.20944086,-0.993062317,0.210904046,1,0.210904046,0.210904046,,,,,,,,,,,,,,,,,,,,,,,,,,,,,,,,,,
9/21/2021,https://www.benzinga.com/news/earnings/21/09/23025289/5-stocks-to-watch-for-september-21-2021,-0.21123306,-0.998748899,0.211497665,1,0.211497665,0.211497665,,,,,,,,,,,,,,,,,,,,,,,,,,,,,,,,,,
9/22/2021,https://www.zacks.com/stock/news/1799795/general-electric-ge-outpaces-stock-market-gains-what-you-should-know,-0.435139994,0.001367658,0.705415234,2,1.143346128,1.143346128,0.26748434,,,,,,,,,,,,,,,,,0.26748434,,,,,,,,,,,,,,,,
9/23/2021,https://www.fool.com/investing/2021/09/23/why-general-electric-stock-leapt-higher-thursday/,0.119275507,0.48329707,0.265440577,3,0.282950072,0.282950072,0.288061844,0.225309815,,,,,,,,,,,,,,,,0.288061844,0.225309815,,,,,,,,,,,,,,,
9/23/2021,https://invezz.com/news/2021/09/23/should-you-invest-in-general-electric-shares-the-company-is-buying-bk-medical/,-0.617283664,-0.983106047,0.622594377,2,0.217641623,0.217641623,1.027547131,,,,,,,,,,,,,,,,,1.027547131,,,,,,,,,,,,,,,,
9/23/2021,https://www.zacks.com/stock/news/1800227/general-electric-ge-arm-clinches-deals-from-kalyon-acta-marine,-0.029982689,-0.016596049,1.451305377,2,1.445209789,1.445209789,1.457400966,,,,,,,,,,,,,,,,,1.457400966,,,,,,,,,,,,,,,,
9/24/2021,https://finance.yahoo.com/m/fa63aad7-9ac0-3f3b-b35a-917c058465f2/the-rise-and-fall-of-general.html,-0.204045652,-0.986244142,0.206905992,3,0.201447473,0.201447473,0.206711754,0.212558748,,,,,,,,,,,,,,,,0.206711754,0.212558748,,,,,,,,,,,,,,,
9/24/2021,https://www.zacks.com/stock/news/1800702/general-electric-ge-to-buy-bk-medical-boost-ultrasound-business,-0.119954047,-0.593504906,0.202111298,1,0.202111298,0.202111298,,,,,,,,,,,,,,,,,,,,,,,,,,,,,,,,,,
9/25/2021,https://www.fool.com/investing/2021/09/25/ge-just-made-its-biggest-acquisition-in-years/,0.038788728,0.156257594,0.272092659,5,0.259667712,0.259667712,0.290308021,0.286799202,0.298377273,0.225311089,,,,,,,,,,,,,,0.290308021,0.286799202,0.298377273,0.225311089,,,,,,,,,,,,,
9/27/2021,https://investorplace.com/2021/09/potential-nuclear-equipment-deal-another-plus-for-ge-stock-general-electric/,0.219888315,0.153352062,0.472893375,3,0.272579932,0.272579932,0.276381882,0.869718312,,,,,,,,,,,,,,,,0.276381882,0.869718312,,,,,,,,,,,,,,,
9/27/2021,https://www.fool.com/investing/2021/09/27/3-top-stocks-you-can-buy-and-hold-for-the-next-dec/,0.189416123,0.491498008,0.32231665,4,0.253855472,0.253855472,0.295358631,0.514742305,0.225310191,,,,,,,,,,,,,,,0.295358631,0.514742305,0.225310191,,,,,,,,,,,,,,
9/28/2021,https://www.benzinga.com/news/earnings/21/09/23145836/troubling-tuesday-second-selloff-in-seven-sessions-comes-as-tech-gets-hit-by-yield-climb,-0.197427071,-0.962372899,0.205146125,1,0.205146125,0.205146125,,,,,,,,,,,,,,,,,,,,,,,,,,,,,,,,,,
9/28/2021,https://www.zacks.com/stock/news/1802145/general-electric-ge-gains-as-market-dips-what-you-should-know,0.421310308,0.958009273,0.446416335,2,0.614339391,0.614339391,0.278493279,,,,,,,,,,,,,,,,,0.278493279,,,,,,,,,,,,,,,,
9/29/2021,https://www.zacks.com/stock/news/1802559/general-electric-ge-wins-287m-deal-from-ewa-launches-product,0.04197095,0.049321771,0.233328942,2,0.265747316,0.265747316,0.200910568,,,,,,,,,,,,,,,,,0.200910568,,,,,,,,,,,,,,,,
9/29/2021,https://www.fool.com/investing/2021/09/29/what-ges-latest-deal-means-for-investors/,0.309519708,0.373052984,0.569588596,6,0.538779884,0.538779884,0.566517542,1.513930348,0.299003947,0.273988687,0.225311167,,,,,,,,,,,,,0.566517542,1.513930348,0.299003947,0.273988687,0.225311167,,,,,,,,,,,,
10/1/2021,https://www.benzinga.com/general/education/21/10/12432402/this-day-in-market-history-buffetts-3b-ge-bet,-0.289005651,-0.998089969,0.289558717,1,0.289558717,0.289558717,,,,,,,,,,,,,,,,,,,,,,,,,,,,,,,,,,
10/1/2021,https://www.benzinga.com/news/21/10/23200548/general-electric-recommends-shareholders-to-reject-offer-by-trc-capital-investment,-0.288166878,-0.998265564,0.288667553,1,0.288667553,0.288667553,,,,,,,,,,,,,,,,,,,,,,,,,,,,,,,,,,
10/4/2021,https://www.zacks.com/stock/news/1804894/general-electric-ge-stock-moves--087-what-you-should-know,-0.149857623,0.009798259,0.449956857,2,0.614910814,0.614910814,0.2850029,,,,,,,,,,,,,,,,,0.2850029,,,,,,,,,,,,,,,,
10/5/2021,https://www.marketwatch.com/story/ge-stock-gets-a-price-target-boost-by-its-biggest-bear-but-it-still-suggests-material-downside-risk-11633363923,-0.529349369,-0.998764545,0.529987242,2,0.505524432,0.505524432,0.554450052,,,,,,,,,,,,,,,,,0.554450052,,,,,,,,,,,,,,,,
10/6/2021,https://www.benzinga.com/markets/penny-stocks/21/10/23246100/if-you-invested-1-000-in-rolls-royce-stock-one-year-ago-heres-how-much-youd-have-now,-0.205142189,-0.997933269,0.205567041,1,0.205567041,0.205567041,,,,,,,,,,,,,,,,,,,,,,,,,,,,,,,,,,
10/6/2021,http://zacks-cdn.zacks.com/stock/news/1805453/general-electric-ge-xignuxs-jv-unit-buy-spx-transformer,3.283631605,0.988158286,3.322981402,1,3.322981402,3.322981402,,,,,,,,,,,,,,,,,,,,,,,,,,,,,,,,,,
10/6/2021,https://www.zacks.com/stock/news/1806335/general-electrics-ge-haliade-x-prototype-gets-operational,-0.274387356,-0.986867785,0.278038619,1,0.278038619,0.278038619,,,,,,,,,,,,,,,,,,,,,,,,,,,,,,,,,,
10/7/2021,https://www.marketwatch.com/story/gm-promises-to-double-its-revenue-in-decade-of-growth-focused-on-ev-autonomous-driving-11633539430,-3.051972174,-0.947959363,3.219517936,1,3.219517936,3.219517936,,,,,,,,,,,,,,,,,,,,,,,,,,,,,,,,,,
10/7/2021,https://www.marketwatch.com/articles/gm-ge-ev-batteries-51633630968?mod=barrons-on-marketwatch,-0.545725092,-0.990054846,0.55120693,1,0.55120693,0.55120693,,,,,,,,,,,,,,,,,,,,,,,,,,,,,,,,,,
10/8/2021,https://www.smarteranalyst.com/stock-news/company-update-nysege-general-electric-company-supports-growing-japanese-solar-market-with-advanced-technology-and-long-term-service/,0.968447359,0.880717874,1.035351449,2,1.516530661,1.516530661,0.554172237,,,,,,,,,,,,,,,,,0.554172237,,,,,,,,,,,,,,,,
10/9/2021,https://www.benzinga.com/trading-ideas/long-ideas/21/10/23308933/benzingas-bulls-and-bears-of-the-past-week-amazon-com-ge-gm-intel-3m-and-more,-0.574089054,-0.994238615,0.577415769,1,0.577415769,0.577415769,,,,,,,,,,,,,,,,,,,,,,,,,,,,,,,,,,
10/11/2021,https://www.zacks.com/stock/news/1809526/general-electric-ge-stock-moves--061-what-you-should-know,-0.402376566,0.010012448,0.712559952,2,1.146627012,1.146627012,0.278492892,,,,,,,,,,,,,,,,,0.278492892,,,,,,,,,,,,,,,,
10/12/2021,https://www.marketwatch.com/story/here-are-citis-10-fresh-ways-to-play-disruption-including-psychedelic-drugs-11634037152,-0.244114335,-0.980346441,0.249008233,1,0.249008233,0.249008233,,,,,,,,,,,,,,,,,,,,,,,,,,,,,,,,,,
10/13/2021,https://www.zacks.com/research-daily/1809423/top-research-reports-for-home-depot-t-mobile-conocophillips,1.751576246,0.561322868,3.120443414,1,3.120443414,3.120443414,,,,,,,,,,,,,,,,,,,,,,,,,,,,,,,,,,
10/13/2021,https://www.investing.com/analysis/3-sectors-set-to-report-explosive-earnings-sales-growth-as-q3-season-starts-200604889,-0.206753799,-0.846473396,0.244253157,1,0.244253157,0.244253157,,,,,,,,,,,,,,,,,,,,,,,,,,,,,,,,,,
10/13/2021,https://www.benzinga.com/news/21/10/23356051/this-psychedelic-therapies-stock-has-a-better-one-year-return-than-nio-amd-nvidia-and-ge,0.127384305,0.511566639,0.249008233,1,0.249008233,0.249008233,,,,,,,,,,,,,,,,,,,,,,,,,,,,,,,,,,
10/14/2021,https://www.zacks.com/stock/news/1810487/the-zacks-analyst-blog-highlights-home-depot-t-mobile-conocophillips-general-electric-and-archer-daniels-midland,0.576931333,0.989873886,0.582833168,1,0.582833168,0.582833168,,,,,,,,,,,,,,,,,,,,,,,,,,,,,,,,,,
10/15/2021,https://www.benzinga.com/general/education/21/10/12505231/this-day-in-market-history-edison-founds-ges-predecessor,-0.218375243,-0.810849607,0.26931658,1,0.26931658,0.26931658,,,,,,,,,,,,,,,,,,,,,,,,,,,,,,,,,,
10/17/2021,https://www.fool.com/investing/2021/10/17/what-to-watch-for-in-ges-earnings/,-0.177233091,-0.596628626,0.27264594,6,0.281033958,0.281033958,0.281956581,0.298032164,0.29557782,0.253963884,0.225311234,,,,,,,,,,,,,0.281956581,0.298032164,0.29557782,0.253963884,0.225311234,,,,,,,,,,,,
10/18/2021,https://www.zacks.com/stock/news/1812148/general-electric-ge-stock-sinks-as-market-gains-what-you-should-know,-0.428930461,0.002128184,0.700324865,2,1.133324613,1.133324613,0.267325117,,,,,,,,,,,,,,,,,0.267325117,,,,,,,,,,,,,,,,
10/19/2021,https://www.zacks.com/stock/news/1812831/analysts-estimate-general-electric-ge-to-report-a-decline-in-earnings-what-to-look-out-for,-0.504655097,-0.975179076,0.517856728,3,0.759358053,0.759358053,0.543951677,0.250260455,,,,,,,,,,,,,,,,0.543951677,0.250260455,,,,,,,,,,,,,,,
10/20/2021,http://timesunion.com/business/article/ge-to-mandate-vaccines-following-federal-16548672.php?ipid=times-union-hp-cp-latest-news,-0.372835417,-0.983710617,0.386449305,6,0.260792899,0.260792899,0.221818492,0.25933045,0.220032436,1.100157895,0.256563657,,,,,,,,,,,,,0.221818492,0.25933045,0.220032436,1.100157895,0.256563657,,,,,,,,,,,,
10/21/2021,https://www.fool.com/investing/2021/10/21/3-aerospace-stocks-you-can-buy-and-hold-for-the-ne/,-0.504238509,-0.415359279,1.397001908,3,0.861377049,0.861377049,1.607325148,1.722303528,,,,,,,,,,,,,,,,1.607325148,1.722303528,,,,,,,,,,,,,,,
10/22/2021,https://www.zacks.com/stock/news/1815131/general-electric-ge-to-post-q3-earnings-whats-in-store,-0.198387317,-0.962433398,0.206130957,1,0.206130957,0.206130957,,,,,,,,,,,,,,,,,,,,,,,,,,,,,,,,,,
10/22/2021,http://wnyt.com/capital-region-comeback/ge-general-electric-workers-protest-vaccine-mandate-coronavirus-covid-19-schenectady/6277770/,-0.184082377,-0.836611658,0.220459088,2,0.223126635,0.223126635,0.217791541,,,,,,,,,,,,,,,,,0.217791541,,,,,,,,,,,,,,,,
10/23/2021,https://www.marketwatch.com/story/the-federal-reserves-next-interest-rate-hike-cycle-is-coming-but-may-not-look-like-what-officials-have-been-projecting-11634941816,-1.94830943,-0.996691465,1.954776877,1,1.954776877,1.954776877,,,,,,,,,,,,,,,,,,,,,,,,,,,,,,,,,,
10/23/2021,https://www.benzinga.com/general/education/21/10/23509013/top-10-companies-by-market-cap-then-2001-and-now-has-only-microsoft-in-common-heres-elon-musks-,1.391606797,0.939254284,1.481608145,1,1.481608145,1.481608145,,,,,,,,,,,,,,,,,,,,,,,,,,,,,,,,,,
10/24/2021,https://www.investing.com/analysis/1-stock-to-buy-1-to-dump-when-markets-open-datadog-twitter-200606093,0.197017833,0.949234784,0.207554375,1,0.207554375,0.207554375,,,,,,,,,,,,,,,,,,,,,,,,,,,,,,,,,,
10/25/2021,https://www.marketwatch.com/story/ge-earnings-can-ge-finally-deliver-breakout-earnings-and-in-which-direction-11634901475,-0.339184734,-0.968614608,0.346546008,6,0.218275078,0.218275078,0.615095602,0.55869564,0.25067995,0.222146518,0.214383259,,,,,,,,,,,,,0.615095602,0.55869564,0.25067995,0.222146518,0.214383259,,,,,,,,,,,,
10/25/2021,https://www.investing.com/analysis/6-monster-stock-market-predictions-market-trying-to-figure-out-feds-next-move-200606146,-0.270131794,-0.997934461,0.270690916,1,0.270690916,0.270690916,,,,,,,,,,,,,,,,,,,,,,,,,,,,,,,,,,
10/25/2021,https://www.marketwatch.com/story/holiday-earnings-forecasts-have-been-lumps-of-coal-so-far-and-here-come-the-biggest-ones-11635106579,-0.282607345,-0.996453285,0.283613241,1,0.283613241,0.283613241,,,,,,,,,,,,,,,,,,,,,,,,,,,,,,,,,,
10/25/2021,https://www.marketwatch.com/story/tech-will-dominate-this-week-but-heres-one-up-and-coming-sector-investors-shouldnt-overlook-11635160251,-0.194117529,-0.997907162,0.194524637,1,0.194524637,0.194524637,,,,,,,,,,,,,,,,,,,,,,,,,,,,,,,,,,
10/26/2021,http://baystreet.ca/stockstowatch/11550/ge-lifts-earnings-forecasts,-0.284746907,-0.997406662,0.285487272,1,0.285487272,0.285487272,,,,,,,,,,,,,,,,,,,,,,,,,,,,,,,,,,
10/26/2021,https://www.investing.com/analysis/tesla-breaks-1000-and-helps-push-sp-500-to-record-high-200606369,-0.841508929,-0.996384263,0.844562646,1,0.844562646,0.844562646,,,,,,,,,,,,,,,,,,,,,,,,,,,,,,,,,,
10/26/2021,https://www.zacks.com/stock/news/1816799/general-electric-ge-tops-q3-earnings-estimates-ups-21-view,-0.230051409,-0.994671563,0.231258913,3,0.246969762,0.246969762,0.246564601,0.200242376,,,,,,,,,,,,,,,,0.246564601,0.200242376,,,,,,,,,,,,,,,
10/26/2021,https://www.benzinga.com/news/earnings/21/10/23551664/7-stocks-to-watch-for-october-26-2021,-0.249921082,-0.999092937,0.250147982,1,0.250147982,0.250147982,,,,,,,,,,,,,,,,,,,,,,,,,,,,,,,,,,
10/26/2021,https://www.marketwatch.com/story/ge-sees-inflation-impact-limited-for-rest-of-2021-but-dealing-with-supply-chain-issues-is-like-playing-whack-a-mole-11635269617,-0.920929415,-0.983485878,0.935396869,5,0.856736106,0.856736106,0.551252869,0.948063484,0.250366345,2.07056554,,,,,,,,,,,,,,0.551252869,0.948063484,0.250366345,2.07056554,,,,,,,,,,,,,
10/26/2021,https://www.marketwatch.com/story/futures-point-to-further-wall-street-records-ahead-of-earnings-onslaught-11635241595,0.720340425,-0.000362396,1.797984877,2,1.072689877,1.072689877,2.523279878,,,,,,,,,,,,,,,,,2.523279878,,,,,,,,,,,,,,,,
10/26/2021,https://www.benzinga.com/news/earnings/21/10/23552084/a-peek-into-the-markets-us-stock-futures-rise-ahead-of-big-earnings,-1.466142177,-0.998020053,1.46905082,1,1.46905082,1.46905082,,,,,,,,,,,,,,,,,,,,,,,,,,,,,,,,,,
10/26/2021,https://www.benzinga.com/news/earnings/21/10/23569084/general-electric-pushes-higher-following-earnings-whats-next,-1.91204869,-0.990312815,1.930752244,1,1.930752244,1.930752244,,,,,,,,,,,,,,,,,,,,,,,,,,,,,,,,,,
10/26/2021,https://www.benzinga.com/news/earnings/21/10/23560522/microsoft-and-alphabet-scheduled-to-announce-earnings-after-the-closing-bell,-0.843268142,-0.997262239,0.845583146,1,0.845583146,0.845583146,,,,,,,,,,,,,,,,,,,,,,,,,,,,,,,,,,
10/26/2021,https://www.fool.com/investing/2021/10/26/why-general-electric-stock-jumped-tuesday/,0.183802593,0.822467893,0.222985175,2,0.220669546,0.220669546,0.225300803,,,,,,,,,,,,,,,,,0.225300803,,,,,,,,,,,,,,,,
10/26/2021,https://invezz.com/news/2021/10/26/is-ge-stock-a-buy-or-sell-as-earnings-and-free-cash-flows-exceed-expectations/,-0.753601016,-0.995339006,0.757438654,2,0.500474224,0.500474224,1.014403085,,,,,,,,,,,,,,,,,1.014403085,,,,,,,,,,,,,,,,
10/26/2021,https://www.marketwatch.com/story/bitcoin-gold-or-dollar-for-a-rainy-day-heres-what-ray-dalio-blackrock-goldman-and-other-wall-street-bosses-would-choose-11635246828,-0.758293054,-0.991509557,0.76478643,1,0.76478643,0.76478643,,,,,,,,,,,,,,,,,,,,,,,,,,,,,,,,,,
10/27/2021,https://www.benzinga.com/general/education/21/10/23665632/is-general-electrics-stock-overvalued-or-undervalued,-0.394772457,-0.934739292,0.430993211,2,0.297000506,0.297000506,0.564985916,,,,,,,,,,,,,,,,,0.564985916,,,,,,,,,,,,,,,,
10/27/2021,https://www.fool.com/earnings/call-transcripts/2021/10/26/general-electric-ge-q3-2021-earnings-call-transcri/,0.63928759,0.482835572,1.057312495,16,1.681869923,1.681869923,1.367846196,0.854875369,0.245060937,1.443662914,0.917256405,0.199448393,0.20024558,1.360652402,2.530568906,0.830733883,0.467136454,0.473461329,2.851364001,1.267506062,0.225311167,,,1.367846196,0.854875369,0.245060937,1.443662914,0.917256405,0.199448393,0.20024558,1.360652402,2.530568906,0.830733883,0.467136454,0.473461329,2.851364001,1.267506062,0.225311167,,
10/29/2021,https://www.fool.com/investing/2021/10/28/4-reasons-to-avoid-dividend-paying-stocks/,-1.946384365,-0.992261648,1.961563635,1,1.961563635,1.961563635,,,,,,,,,,,,,,,,,,,,,,,,,,,,,,,,,,
10/29/2021,https://www.benzinga.com/general/education/21/10/12582014/this-day-in-market-history-black-tuesday,-0.199803476,-0.995893717,0.200627308,1,0.200627308,0.200627308,,,,,,,,,,,,,,,,,,,,,,,,,,,,,,,,,,
10/30/2021,https://www.fool.com/investing/2021/10/30/ge-earnings-turnaround-progress-continues/,0.585099318,0.593812668,0.709199388,5,0.259667399,0.259667399,1.503811097,1.270572862,0.286634768,0.225310817,,,,,,,,,,,,,,1.503811097,1.270572862,0.286634768,0.225310817,,,,,,,,,,,,,
11/1/2021,https://www.benzinga.com/analyst-ratings/analyst-color/21/11/23796410/why-this-general-electric-analyst-is-targeting-6-5b-in-free-cash-flow-in-2022,-0.644761133,-0.992033422,0.649938922,1,0.649938922,0.649938922,,,,,,,,,,,,,,,,,,,,,,,,,,,,,,,,,,
11/3/2021,https://www.fool.com/investing/2021/11/03/the-key-highlight-from-general-electrics-earnings/,-0.059891556,0.594461703,0.778747845,5,0.274238135,0.274238135,2.089151122,1.018841199,0.286198026,0.225310743,,,,,,,,,,,,,,2.089151122,1.018841199,0.286198026,0.225310743,,,,,,,,,,,,,
11/4/2021,https://www.fool.com/investing/2021/11/04/why-aercap-holdings-stock-climbed-this-week/,0.24873199,0.99682188,0.249525011,1,0.249525011,0.249525011,,,,,,,,,,,,,,,,,,,,,,,,,,,,,,,,,,
11/6/2021,https://www.benzinga.com/trading-ideas/long-ideas/21/11/23936839/benzingas-bulls-and-bears-of-the-week-airbnb-apple-ford-ge-nvidia-and-more,0.542702288,0.973111451,0.557697978,1,0.557697978,0.557697978,,,,,,,,,,,,,,,,,,,,,,,,,,,,,,,,,,
11/9/2021,https://www.perthnow.com.au/business/engineering/ge-to-split-into-three-companies-c-4496293,-0.245306644,-0.980119199,0.249474704,2,0.292233717,0.292233717,0.206715692,,,,,,,,,,,,,,,,,0.206715692,,,,,,,,,,,,,,,,
11/9/2021,https://www.cbsnews.com/news/general-electric-split-3-public-companies/,0.106519011,0.473366976,0.244224042,4,0.25921811,0.25921811,0.213015369,0.219389628,0.28527306,,,,,,,,,,,,,,,0.213015369,0.219389628,0.28527306,,,,,,,,,,,,,,
11/9/2021,https://www.marketwatch.com/story/ge-stock-jumps-as-plan-to-split-into-3-companies-triggers-potential-breakout-finally-11636466570?mod=investing,-0.330396783,-0.330935339,0.529517502,3,0.275242874,0.275242874,0.295432257,1.017877376,,,,,,,,,,,,,,,,0.295432257,1.017877376,,,,,,,,,,,,,,,
11/9/2021,http://wral.com/ge-is-splitting-into-three-companies/19970611/,-0.242936136,-0.815057456,0.298060135,1,0.298060135,0.298060135,,,,,,,,,,,,,,,,,,,,,,,,,,,,,,,,,,
11/9/2021,https://www.barrons.com/articles/general-electric-ge-breaking-up-stock-price-split-51636458460,-7.68E-05,0.000385076,0.220831786,2,0.220994027,0.220994027,0.220669546,,,,,,,,,,,,,,,,,0.220669546,,,,,,,,,,,,,,,,
11/9/2021,https://www.greenvilleonline.com/story/news/local/2021/11/09/general-electric-split-into-three-companies-business-conglomerate-energy-economy-greenville-sc/6353307001/,-0.84989379,-0.001706123,1.128239477,2,1.981109303,1.981109303,0.275369651,,,,,,,,,,,,,,,,,0.275369651,,,,,,,,,,,,,,,,
11/9/2021,https://www.necn.com/news/business/money-report/ge-ceo-larry-culp-says-it-will-move-as-quickly-as-it-can-to-split-up-company-but-it-will-do-it-right,-0.26891118,-0.945158124,0.284514489,1,0.284514489,0.284514489,,,,,,,,,,,,,,,,,,,,,,,,,,,,,,,,,,
11/9/2021,https://dailycaller.com/2021/11/09/general-electric-three-companies-split/,0.282033944,0.983239174,0.286841647,1,0.286841647,0.286841647,,,,,,,,,,,,,,,,,,,,,,,,,,,,,,,,,,
11/9/2021,https://finance.yahoo.com/news/ge-stock-rises-plans-reveal-203736926.html,0.065986311,-0.333656291,0.39183696,3,0.194669105,0.194669105,0.689232822,0.291608954,,,,,,,,,,,,,,,,0.689232822,0.291608954,,,,,,,,,,,,,,,
11/9/2021,http://rss.cnn.com/~r/rss/edition_us/~3/qY4b8cWmQcQ/index.html,-0.250591748,-0.853353679,0.294190232,3,0.287760554,0.287760554,0.298832286,0.295977857,,,,,,,,,,,,,,,,0.298832286,0.295977857,,,,,,,,,,,,,,,
11/9/2021,https://www.cincinnati.com/story/money/2021/11/09/what-happen-ge-aviation-general-electric-split-up/6351937001/,0.240454618,-0.001516551,0.441284579,2,0.689525689,0.689525689,0.19304347,,,,,,,,,,,,,,,,,0.19304347,,,,,,,,,,,,,,,,
11/9/2021,http://www.marketwatch.com/story/ge-stock-soars-after-plan-to-split-into-3-publicly-traded-companies-2021-11-09?mod=mw_more_headlines,0.298505281,0.981232107,0.304214751,1,0.304214751,0.304214751,,,,,,,,,,,,,,,,,,,,,,,,,,,,,,,,,,
11/9/2021,https://www.investing.com/analysis/interest-in-bonds-rising-despite-low-real-yields-and-major-stock-indices-records-200607804,-1.362398063,-0.865518332,1.574083429,1,1.574083429,1.574083429,,,,,,,,,,,,,,,,,,,,,,,,,,,,,,,,,,
11/9/2021,https://www.devdiscourse.com/article/headlines/1800368-ge-to-split-into-three-companies-shares-jump-15,-0.290431962,-0.992548645,0.292612321,1,0.292612321,0.292612321,,,,,,,,,,,,,,,,,,,,,,,,,,,,,,,,,,
11/9/2021,https://qz.com/2086749/general-electric-is-breaking-part-into-three-smaller-companies/,-0.082579036,-0.369899333,0.267105169,3,0.294300336,0.294300336,0.294300336,0.212714836,,,,,,,,,,,,,,,,0.294300336,0.212714836,,,,,,,,,,,,,,,
11/9/2021,https://www.fool.com/investing/2021/11/09/why-general-electric-stock-is-up-today/,0.254419747,0.990405718,0.256914259,3,0.256892032,0.256892032,0.288541178,0.225309565,,,,,,,,,,,,,,,,0.288541178,0.225309565,,,,,,,,,,,,,,,
11/9/2021,https://www.benzinga.com/trading-ideas/long-ideas/21/11/23986683/general-electric-stock-gaps-all-the-way-up-to-resistance-level,-0.666004029,-0.6438151,1.034464754,1,1.034464754,1.034464754,,,,,,,,,,,,,,,,,,,,,,,,,,,,,,,,,,
11/9/2021,https://invezz.com/news/2021/11/09/general-electric-as-we-know-it-is-coming-to-an-end/,-0.629632647,-0.982604444,0.645176473,2,0.258769505,0.258769505,1.031583441,,,,,,,,,,,,,,,,,1.031583441,,,,,,,,,,,,,,,,
11/9/2021,https://www.benzinga.com/news/earnings/21/11/23985961/general-electric-announces-plans-to-split-up-into-three-companies,-1.451158728,-0.999022365,1.45257882,1,1.45257882,1.45257882,,,,,,,,,,,,,,,,,,,,,,,,,,,,,,,,,,
11/9/2021,https://www.benzinga.com/news/21/11/23991987/premarket-prep-stock-of-the-day-general-electric,-0.242597733,-0.994836688,0.243856842,1,0.243856842,0.243856842,,,,,,,,,,,,,,,,,,,,,,,,,,,,,,,,,,
11/9/2021,https://www.marketwatch.com/story/longest-winning-stretch-in-two-years-on-the-line-as-s-p-500-and-nasdaq-100-futures-trade-at-record-highs-11636455457,-0.196747485,-0.993753254,0.197984242,1,0.197984242,0.197984242,,,,,,,,,,,,,,,,,,,,,,,,,,,,,,,,,,
11/10/2021,https://www.marketwatch.com/story/buy-ges-stock-deutsche-bank-says-as-split-up-is-an-appropriate-end-game-11636562748,0.039018236,-0.222311139,0.361045608,3,0.219551151,0.219551151,0.565340246,0.298245425,,,,,,,,,,,,,,,,0.565340246,0.298245425,,,,,,,,,,,,,,,
11/10/2021,https://www.wsj.com/articles/how-much-of-ges-business-is-healthcare-aviation-and-energy-11636559424?mod=latest_headlines,-0.21890151,-0.996407211,0.219690813,1,0.219690813,0.219690813,,,,,,,,,,,,,,,,,,,,,,,,,,,,,,,,,,
11/10/2021,https://www.benzinga.com/analyst-ratings/analyst-color/21/11/24019355/a-statement-of-confidence-general-electric-analysts-react-to-breakup-plans,0.643654512,0.965067387,0.666952921,1,0.666952921,0.666952921,,,,,,,,,,,,,,,,,,,,,,,,,,,,,,,,,,
11/10/2021,https://investorplace.com/2021/11/the-death-of-general-electric-might-be-bad-news-for-ge-stock/,-0.84389737,-0.969190359,0.897485378,3,2.125575598,2.125575598,0.278107563,0.288772974,,,,,,,,,,,,,,,,0.278107563,0.288772974,,,,,,,,,,,,,,,
11/10/2021,https://www.fool.com/investing/2021/11/10/general-electrics-breakup-should-help-ge-stock/,-0.071379568,-0.183961964,0.276574132,5,0.275663854,0.275663854,0.28674467,0.29605087,0.299100034,0.225311234,,,,,,,,,,,,,,0.28674467,0.29605087,0.299100034,0.225311234,,,,,,,,,,,,,
11/10/2021,https://www.marketwatch.com/story/ge-stock-jumps-as-plan-to-split-into-3-companies-triggers-potential-breakout-finally-11636466570,-0.330396783,-0.330935339,0.529517502,3,0.275242874,0.275242874,0.295432257,1.017877376,,,,,,,,,,,,,,,,0.295432257,1.017877376,,,,,,,,,,,,,,,
11/10/2021,https://finance.yahoo.com/news/ge-breakup-raises-questions-future-222816177.html,-0.212238709,-0.937637657,0.224925552,4,0.193788801,0.193788801,0.243273462,0.264115659,0.198524284,,,,,,,,,,,,,,,0.243273462,0.264115659,0.198524284,,,,,,,,,,,,,,
11/10/2021,https://freerepublic.com/focus/f-news/4011400/posts,-0.055489546,-0.33343488,0.239360363,3,0.221816072,0.221816072,0.275912388,0.220352627,,,,,,,,,,,,,,,,0.275912388,0.220352627,,,,,,,,,,,,,,,
11/10/2021,https://www.benzinga.com/news/21/11/23991043/5-bizarre-things-you-may-not-know-about-general-electric,-1.368603328,-0.205136776,2.121881401,5,0.29072929,0.29072929,5.359102323,0.280052026,1.612435838,3.067087527,,,,,,,,,,,,,,5.359102323,0.280052026,1.612435838,3.067087527,,,,,,,,,,,,,
11/10/2021,https://playcrazygame.com/2021/11/10/general-electric-ge-announces-split-into-three-companies-business/,-0.942977361,0.035722584,1.22073244,2,2.249040055,2.249040055,0.192424825,,,,,,,,,,,,,,,,,0.192424825,,,,,,,,,,,,,,,,
11/10/2021,https://qz.com/2086994/ges-breakup-shows-how-conglomerates-struggle-to-stay-viable/,-0.876400752,-0.954084858,0.895492831,4,0.2800506,0.2800506,0.267644506,2.781594591,0.252681624,,,,,,,,,,,,,,,0.267644506,2.781594591,0.252681624,,,,,,,,,,,,,,
11/10/2021,https://www.zacks.com/stock/news/1826513/general-electric-ge-to-split-into-three-independent-companies,0.051523189,0.008088768,0.248817971,2,0.298979427,0.298979427,0.198656516,,,,,,,,,,,,,,,,,0.198656516,,,,,,,,,,,,,,,,
11/10/2021,https://ca.news.yahoo.com/ge-kicks-off-23-billion-122530108.html,-0.397076713,-0.985175927,0.405998893,3,0.197092437,0.197092437,0.824327367,0.196576873,,,,,,,,,,,,,,,,0.824327367,0.196576873,,,,,,,,,,,,,,,
11/10/2021,https://freerepublic.com/focus/f-chat/4011406/posts,-0.565869536,-0.983796224,0.579550897,4,1.542529983,1.542529983,0.293987503,0.258217659,0.223468442,,,,,,,,,,,,,,,0.293987503,0.258217659,0.223468442,,,,,,,,,,,,,,
11/11/2021,https://www.prnewswire.com/news-releases/thinking-about-trading-options-or-stock-in-walt-disney-general-electric-upstart-holdings-nvidia-or-mastercard-301422228.html,-0.436749464,-0.980746031,0.448376916,2,0.640415184,0.640415184,0.256338648,,,,,,,,,,,,,,,,,0.256338648,,,,,,,,,,,,,,,,
11/11/2021,https://www.observerbd.com/news.php?id=339308,-0.205311024,-0.702987015,0.290724907,2,0.296013247,0.296013247,0.285436567,,,,,,,,,,,,,,,,,0.285436567,,,,,,,,,,,,,,,,
11/11/2021,https://www.marketwatch.com/story/ges-ceo-could-make-a-fortune-when-the-company-splits-into-3-11636638951,-0.24355913,-0.493859425,0.385153878,4,0.275747854,0.275747854,0.288082126,0.278495047,0.698290483,,,,,,,,,,,,,,,0.288082126,0.278495047,0.698290483,,,,,,,,,,,,,,
11/12/2021,https://www.benzinga.com/news/earnings/21/11/24063716/stock-index-futures-point-to-a-higher-open-as-equities-cling-to-a-5-week-win-streak,-3.158196971,-0.972353399,3.238090769,2,2.329860408,2.329860408,4.146321131,,,,,,,,,,,,,,,,,4.146321131,,,,,,,,,,,,,,,,
11/12/2021,https://www.zacks.com/stock/news/1827395/general-electric-ge-prices-tender-offers-gets-msc-contract,-0.219248152,-0.989273528,0.221605318,3,0.250675772,0.250675772,0.207426705,0.206713477,,,,,,,,,,,,,,,,0.207426705,0.206713477,,,,,,,,,,,,,,,
11/12/2021,https://www.zacks.com/stock/news/1827414/jj-plans-to-split-in-two-dow-up-triple-digits,-0.202211817,-0.990405858,0.204170659,1,0.204170659,0.204170659,,,,,,,,,,,,,,,,,,,,,,,,,,,,,,,,,,
11/12/2021,https://www.zacks.com/stock/news/1827464/pre-markets-edge-up-on-jnj-split-news,-0.200820523,-0.979582667,0.205006203,1,0.205006203,0.205006203,,,,,,,,,,,,,,,,,,,,,,,,,,,,,,,,,,
11/13/2021,https://www.fool.com/investing/2021/11/13/what-general-electric-big-split-means-investors/,0.024233156,0.108503853,0.263007913,7,0.258439832,0.258439832,0.253428438,0.299293115,0.291339704,0.257333611,0.255909603,0.225311089,,,,,,,,,,,,0.253428438,0.299293115,0.291339704,0.257333611,0.255909603,0.225311089,,,,,,,,,,,
11/13/2021,https://www.benzinga.com/trading-ideas/long-ideas/21/11/24077985/benzingas-bulls-and-bears-of-the-past-week-disney-ford-general-electric-tesla-and-more,0.200342685,0.98725003,0.202930037,1,0.202930037,0.202930037,,,,,,,,,,,,,,,,,,,,,,,,,,,,,,,,,,
11/13/2021,https://www.marketwatch.com/story/why-ges-tax-free-split-could-power-the-stock-higher-and-reward-patient-investors-11636517192,0.091054946,0.411014259,0.238392191,3,0.258769505,0.258769505,0.206147447,0.25025962,,,,,,,,,,,,,,,,0.206147447,0.25025962,,,,,,,,,,,,,,,
11/13/2021,https://www.benzinga.com/media/21/11/24078639/barrons-most-recent-picks-and-pans-general-electric-pfizer-walt-disney-and-more,-0.177791686,-0.705126882,0.25214141,1,0.25214141,0.25214141,,,,,,,,,,,,,,,,,,,,,,,,,,,,,,,,,,
11/14/2021,https://www.fool.com/investing/2021/11/14/these-3-stocks-are-a-great-long-term-value-despite/,-0.318223015,0.337746342,0.70270969,3,1.561788448,1.561788448,0.250993923,0.295346701,,,,,,,,,,,,,,,,0.250993923,0.295346701,,,,,,,,,,,,,,,
11/15/2021,https://www.marketwatch.com/story/5-takeaways-from-the-cop-climate-summit-investors-need-to-know-11636833753,-0.243994,-0.985545337,0.247572578,1,0.247572578,0.247572578,,,,,,,,,,,,,,,,,,,,,,,,,,,,,,,,,,
11/15/2021,http://reuters.com/article/emirates-airshow-ge/ge-aviation-ready-to-look-at-acquisitions-if-make-sense-ceo-says-idusl8n2s66m3,-0.252667567,-0.908960044,0.277974339,1,0.277974339,0.277974339,,,,,,,,,,,,,,,,,,,,,,,,,,,,,,,,,,
11/15/2021,https://www.nasdaq.com/articles/ge-aviation-ready-to-look-at-acquisitions-eye-on-systems-2021-11-15,0.08339435,0.320817431,0.281705443,3,0.282485393,0.282485393,0.292662429,0.269968506,,,,,,,,,,,,,,,,0.292662429,0.269968506,,,,,,,,,,,,,,,
11/15/2021,https://www.marketwatch.com/story/ge-is-breaking-up-but-it-wants-a-bunch-of-its-debt-back-first-11636759615,-0.490168973,-0.864677032,0.565766073,3,0.258996024,0.258996024,0.555520918,0.882781277,,,,,,,,,,,,,,,,0.555520918,0.882781277,,,,,,,,,,,,,,,
11/16/2021,https://www.fool.com/investing/2021/11/16/the-ge-breakup-why-its-time-to-pay-attention/,-0.266155278,-0.633783269,0.365216168,5,0.864235296,0.864235296,0.278429099,0.207716492,0.268841119,0.206858833,,,,,,,,,,,,,,0.278429099,0.207716492,0.268841119,0.206858833,,,,,,,,,,,,,
11/16/2021,https://www.fool.com/investing/2021/11/16/the-key-benefit-from-general-electrics-breakup/,0.159316922,0.118357682,0.487313473,5,0.222639754,0.222639754,0.257552641,1.419266789,0.279334677,0.257773504,,,,,,,,,,,,,,0.257552641,1.419266789,0.279334677,0.257773504,,,,,,,,,,,,,
11/17/2021,https://www.benzinga.com/general/education/21/11/24147159/this-day-in-market-history-warren-buffett-op-ed-praises-government-response-to-financial-crisis,0.193790422,0.987843871,0.196175152,1,0.196175152,0.196175152,,,,,,,,,,,,,,,,,,,,,,,,,,,,,,,,,,
11/18/2021,https://www.investing.com/analysis/after-the-general-electric-breakup-announcement-is-ge-stock-a-buy-200608712,-0.126401218,0.332339108,0.486942413,3,0.296708217,0.296708217,0.93948153,0.224637491,,,,,,,,,,,,,,,,0.93948153,0.224637491,,,,,,,,,,,,,,,
11/18/2021,https://www.fool.com/investing/2021/11/18/why-general-electric-stock-dropped-today/,-0.319134996,-0.490574256,0.433986457,4,0.222970964,0.222970964,0.630234925,0.657429196,0.225310743,,,,,,,,,,,,,,,0.630234925,0.657429196,0.225310743,,,,,,,,,,,,,,
11/18/2021,https://www.fool.com/investing/2021/11/18/4-reasons-to-avoid-relying-dividend-paying-stocks/,0.190602541,0.940520763,0.202656388,1,0.202656388,0.202656388,,,,,,,,,,,,,,,,,,,,,,,,,,,,,,,,,,
11/20/2021,https://www.fool.com/investing/2021/11/20/why-ge-general-electric-latest-move-makes-it-a-buy/,0.024105521,0.169850636,0.267906046,5,0.219551598,0.219551598,0.301899066,0.297262906,0.295505318,0.225311342,,,,,,,,,,,,,,0.301899066,0.297262906,0.295505318,0.225311342,,,,,,,,,,,,,
11/21/2021,https://www.fool.com/investing/2021/11/21/3-investing-turkeys-and-what-i-learned-from-them/,-0.384706814,-0.996183693,0.386126949,2,0.520635955,0.520635955,0.251617943,,,,,,,,,,,,,,,,,0.251617943,,,,,,,,,,,,,,,,
11/22/2021,https://www.investing.com/analysis/after-johnson--johnsons-breakup-news-3-trades-to-leverage-recent-stock-dip-200609106,-0.227493357,-0.905272484,0.251298212,1,0.251298212,0.251298212,,,,,,,,,,,,,,,,,,,,,,,,,,,,,,,,,,
11/23/2021,https://www.fool.com/investing/2021/11/23/ges-most-interesting-business-after-the-break-up-w/,-0.248343536,0.092565835,0.534362114,7,0.224974233,0.224974233,0.225311491,0.304358475,1.530675264,0.872893967,0.29275894,0.289562428,,,,,,,,,,,,0.225311491,0.304358475,1.530675264,0.872893967,0.29275894,0.289562428,,,,,,,,,,,
11/23/2021,https://www.zacks.com/stock/news/1831096/how-are-industrial-etfs-reacting-to-mixed-q3-earnings,-0.209195119,-0.997864425,0.209651072,2,0.203077292,0.203077292,0.216224853,,,,,,,,,,,,,,,,,0.216224853,,,,,,,,,,,,,,,,
11/24/2021,https://www.zacks.com/research-daily/1831481/top-research-reports-for-alphabet-att-schwab,1.991789331,0.779924273,2.553824004,1,2.553824004,2.553824004,,,,,,,,,,,,,,,,,,,,,,,,,,,,,,,,,,
11/24/2021,https://www.marketwatch.com/story/these-are-the-most-important-things-to-check-on-a-stocks-quote-page-before-deciding-whether-to-buy-or-sell-11630783155,-0.187061922,-0.922427356,0.20279312,1,0.20279312,0.20279312,,,,,,,,,,,,,,,,,,,,,,,,,,,,,,,,,,
11/25/2021,https://www.zacks.com/stock/news/1831937/ge-ge-down-16-since-last-earnings-report-can-it-rebound,-0.248433748,-0.997469068,0.24904892,3,0.266614908,0.266614908,0.202810864,0.277720988,,,,,,,,,,,,,,,,0.202810864,0.277720988,,,,,,,,,,,,,,,
11/25/2021,https://www.investing.com/analysis/what-happens-to-my-shares-in-a-stock-split-200609581,-0.268474759,-0.998362839,0.268915016,1,0.268915016,0.268915016,,,,,,,,,,,,,,,,,,,,,,,,,,,,,,,,,,
11/26/2021,https://www.zacks.com/stock/news/1832120/the-zacks-analyst-blog-highlights-alphabet-att-charles-schwab-corp-general-electric-and-american-international-group,0.175279221,-0.001549155,0.396944324,2,0.573542632,0.573542632,0.220346017,,,,,,,,,,,,,,,,,0.220346017,,,,,,,,,,,,,,,,
11/26/2021,https://www.fool.com/investing/2021/11/26/why-aercap-stock-is-in-a-freefall-today/,0.20716494,0.978135586,0.211795729,1,0.211795729,0.211795729,,,,,,,,,,,,,,,,,,,,,,,,,,,,,,,,,,
11/26/2021,https://www.barrons.com/articles/ge-general-electric-stock-debt-51637936258,-0.074296466,-0.258062979,0.245063994,3,0.221327367,0.221327367,0.290398248,0.223466367,,,,,,,,,,,,,,,,0.290398248,0.223466367,,,,,,,,,,,,,,,
11/26/2021,https://www.fool.com/investing/2021/11/26/why-ge-and-airline-stocks-are-down-friday/,-0.132457909,-0.43128638,0.26308854,4,0.260228668,0.260228668,0.286633972,0.280181328,0.225310191,,,,,,,,,,,,,,,0.286633972,0.280181328,0.225310191,,,,,,,,,,,,,,
11/30/2021,https://www.fool.com/investing/2021/11/30/got-10000-3-top-industrial-stocks-to-buy-for-the-l/,0.081967211,0.382133583,0.839681886,3,1.064525061,1.064525061,1.229210407,0.225310191,,,,,,,,,,,,,,,,1.229210407,0.225310191,,,,,,,,,,,,,,,
11/30/2021,https://www.fool.com/investing/2021/11/30/after-ge-breakup-should-honeywell-follow-suit/,-0.015497555,-0.116949186,0.22833397,4,0.220838292,0.220838292,0.259551542,0.21514797,0.217798074,,,,,,,,,,,,,,,0.259551542,0.21514797,0.217798074,,,,,,,,,,,,,,
11/30/2021,https://www.benzinga.com/analyst-ratings/analyst-color/21/11/24363395/general-electric-ceo-says-challenging-environment-will-persist,-1.115766505,-0.998428106,1.117523133,1,1.117523133,1.117523133,,,,,,,,,,,,,,,,,,,,,,,,,,,,,,,,,,
12/5/2021,https://www.benzinga.com/m-a/21/12/24450241/december-spac-merger-calendar-upcoming-votes-stocks-to-watch,-0.185690851,-0.957059026,0.19402236,1,0.19402236,0.19402236,,,,,,,,,,,,,,,,,,,,,,,,,,,,,,,,,,
