pub_date,url,scores,sentiments,relevance,rel_subdocs,sub_1_rel,sub_2_rel,sub_3_rel,sub_4_rel,sub_5_rel,sub_6_rel,sub_7_rel,sub_8_rel,sub_9_rel,sub_10_rel,sub_11_rel,sub_12_rel,sub_13_rel,sub_14_rel,sub_15_rel,sub_16_rel,sub_17_rel,sub_18_rel,sub_19_rel,sub_20_rel,sub_21_rel,sub_22_rel,sub_23_rel,sub_24_rel,sub_1_sents,sub_2_sents,sub_3_sents,sub_4_sents,sub_5_sents,sub_6_sents,sub_7_sents,sub_8_sents,sub_9_sents,sub_10_sents,sub_11_sents,sub_12_sents,sub_13_sents,sub_14_sents,sub_15_sents,sub_16_sents,sub_17_sents,sub_18_sents,sub_19_sents,sub_20_sents,sub_21_sents,sub_22_sents,sub_23_sents,sub_24_sents
12/31/2017,https://www.fool.com/investing/2017/12/31/artificial-intelligences-holy-grail-victory.aspx,0.033153878,0.970366955,0.034166331,1,0.034166331,,,,,,,,,,,,,,,,,,,,,,,,0.034166331,,,,,,,,,,,,,,,,,,,,,,,
12/30/2018,https://www.fool.com/investing/2018/12/30/stock-market-power-rankings-dreaming-of-an-amazon.aspx,-0.035497023,-0.962119699,0.036894601,1,0.036894601,,,,,,,,,,,,,,,,,,,,,,,,0.036894601,,,,,,,,,,,,,,,,,,,,,,,
4/22/2021,https://www.fool.com/investing/2021/04/22/microsofts-big-deal-and-coinbases-big-debut/?source=iedfolrf0000001,-0.053010359,0.337833782,0.098624937,3,0.22985632,0.034072342,0.031946148,,,,,,,,,,,,,,,,,,,,,,0.22985632,0.034072342,0.031946148,,,,,,,,,,,,,,,,,,,,,
4/23/2021,https://www.fool.com/investing/2021/04/23/3-stocks-to-bankroll-your-retirement/?source=iedfolrf0000001,0.672294419,0.985010564,0.678627273,2,1.172961488,0.184293057,,,,,,,,,,,,,,,,,,,,,,,1.172961488,0.184293057,,,,,,,,,,,,,,,,,,,,,,
4/24/2021,https://www.fool.com/investing/2021/04/24/3-companies-secretly-amassing-treasure-troves-of-d/?source=iedfolrf0000001,-0.187778224,-0.994498909,0.188816923,1,0.188816923,,,,,,,,,,,,,,,,,,,,,,,,0.188816923,,,,,,,,,,,,,,,,,,,,,,,
4/24/2021,https://www.fool.com/investing/2021/04/24/dont-be-fooled-by-ibms-surprising-revenue-growth/?source=iedfolrf0000001,0.958927064,0.994647106,0.962950799,3,1.506754432,0.679090358,0.703007607,,,,,,,,,,,,,,,,,,,,,,1.506754432,0.679090358,0.703007607,,,,,,,,,,,,,,,,,,,,,
4/24/2021,https://www.fool.com/investing/2021/04/24/blockchain-is-changing-the-world-should-you-buy-bi/?source=iedfolrf0000001,0.67021578,0.53172946,1.260445077,1,1.260445077,,,,,,,,,,,,,,,,,,,,,,,,1.260445077,,,,,,,,,,,,,,,,,,,,,,,
4/26/2021,http://www.zacks.com/stock/news/1457358/4-buy-ranked-tech-companies-that-reported-solid-earnings?cid=CS-ZC-FT-analyst_blog|investment_ideas-1457358,-0.485623488,-0.796414524,0.805527743,2,1.583887648,0.027167838,,,,,,,,,,,,,,,,,,,,,,,1.583887648,0.027167838,,,,,,,,,,,,,,,,,,,,,,
4/26/2021,http://www.zacks.com/stock/news/1457027/solid-aws-momentum-to-benefit-amazons-amzn-q1-earnings?cid=CS-ZC-FT-analyst_blog|earnings_preview-1457027,-0.021621127,-0.804539263,0.026617483,2,0.025551004,0.027683962,,,,,,,,,,,,,,,,,,,,,,,0.025551004,0.027683962,,,,,,,,,,,,,,,,,,,,,,
4/26/2021,https://www.fool.com/investing/2021/04/26/better-buy-ibm-vs-oracle/?source=iedfolrf0000001,-0.017700889,-0.481165662,0.036448055,4,0.035607309,0.036104134,0.037215951,0.036864825,,,,,,,,,,,,,,,,,,,,,0.035607309,0.036104134,0.037215951,0.036864825,,,,,,,,,,,,,,,,,,,,
4/27/2021,http://www.zacks.com/stock/news/1461828/tech-stocks-apr-28-earnings-roster-fb-shop-now-tyl-ptc?cid=CS-ZC-FT-analyst_blog:_earnings_preview_-_esp|earnings_preview_-_esp-1461828,0.029926955,-0.160557896,0.07828272,2,0.129066687,0.027498753,,,,,,,,,,,,,,,,,,,,,,,0.129066687,0.027498753,,,,,,,,,,,,,,,,,,,,,,
4/28/2021,https://www.fool.com/investing/2021/04/28/3-great-reasons-to-buy-nvidia-stock/?source=iedfolrf0000001,0.02677738,0.991644204,0.027003012,1,0.027003012,,,,,,,,,,,,,,,,,,,,,,,,0.027003012,,,,,,,,,,,,,,,,,,,,,,,
4/28/2021,https://www.fool.com/investing/2021/04/27/ibm-maintains-dividend-aristocrat-status-with-new/?source=iedfolrf0000001,0.08266271,0.784594774,0.131462105,2,0.034375221,0.228548988,,,,,,,,,,,,,,,,,,,,,,,0.034375221,0.228548988,,,,,,,,,,,,,,,,,,,,,,
4/30/2021,https://www.fool.com/investing/2021/04/30/ibm-is-now-a-slightly-better-dividend-stock/?source=iedfolrf0000001,-0.03194697,-0.856658429,0.037270141,2,0.036791749,0.037748534,,,,,,,,,,,,,,,,,,,,,,,0.036791749,0.037748534,,,,,,,,,,,,,,,,,,,,,,
4/30/2021,http://www.marketwatch.com/news/story.asp?guid=%7B21005575-02D4-D4B5-4572-D3DACCC1D414%7D&siteid=rss&rss=1,0.27716306,0.850492388,0.388026273,2,0.031620788,0.744431757,,,,,,,,,,,,,,,,,,,,,,,0.031620788,0.744431757,,,,,,,,,,,,,,,,,,,,,,
5/4/2021,http://www.zacks.com/stock/news/1499361/is-international-business-machines-ibm-stock-outpacing-its-computer-and-technology-peers-this-year?cid=CS-ZC-FT-tale_of_the_tape|yseop_template_1-1499361,3.982097493,0.938074231,4.244970558,1,4.244970558,,,,,,,,,,,,,,,,,,,,,,,,4.244970558,,,,,,,,,,,,,,,,,,,,,,,
5/6/2021,https://www.benzinga.com/trading-ideas/long-ideas/21/05/21002019/cisco-and-ibm-lead-the-dow-jones-higher-thursday,-0.223387327,-0.997355342,0.223979676,1,0.223979676,,,,,,,,,,,,,,,,,,,,,,,,0.223979676,,,,,,,,,,,,,,,,,,,,,,,
5/7/2021,https://www.benzinga.com/trading-ideas/long-ideas/21/05/21018990/nike-and-disney-lead-the-dow-jones-higher-to-close-the-week,-0.031753871,-0.997888982,0.031821046,1,0.031821046,,,,,,,,,,,,,,,,,,,,,,,,0.031821046,,,,,,,,,,,,,,,,,,,,,,,
5/12/2021,http://www.zacks.com/stock/news/1540759/science-applications-saic-secures-dia-contract-worth-%24200m?cid=CS-ZC-FT-analyst_blog|company_news_tech_sector-1540759,0.025661642,0.995845258,0.025768704,1,0.025768704,,,,,,,,,,,,,,,,,,,,,,,,0.025768704,,,,,,,,,,,,,,,,,,,,,,,
5/13/2021,https://www.fool.com/investing/2021/05/13/why-ill-never-sell-my-netflix-stock/?source=iedfolrf0000001,-0.03066371,-0.974507928,0.031465839,1,0.031465839,,,,,,,,,,,,,,,,,,,,,,,,0.031465839,,,,,,,,,,,,,,,,,,,,,,,
5/16/2021,https://www.fool.com/investing/2021/05/16/have-1000-the-tech-sell-off-just-put-this-stock-on/?source=iedfolrf0000001,0.021859227,0.810964763,0.026954595,1,0.026954595,,,,,,,,,,,,,,,,,,,,,,,,0.026954595,,,,,,,,,,,,,,,,,,,,,,,
5/18/2021,https://www.fool.com/investing/2021/05/18/is-datadog-stock-a-buy/?source=iedfolrf0000001,-0.024997606,-0.959544897,0.026051523,1,0.026051523,,,,,,,,,,,,,,,,,,,,,,,,0.026051523,,,,,,,,,,,,,,,,,,,,,,,
5/19/2021,http://www.marketwatch.com/news/story.asp?guid=%7B20C05575-04D4-B545-7414-2800F23B4582%7D&siteid=rss&rss=1,1.29844133,0.671514988,1.933599925,1,1.933599925,,,,,,,,,,,,,,,,,,,,,,,,1.933599925,,,,,,,,,,,,,,,,,,,,,,,
5/19/2021,http://www.zacks.com/stock/news/1576432/ibm-ibm-up-42-since-last-earnings-report-can-it-continue?cid=CS-ZC-FT-realtime_blog-1576432,-0.344456986,-0.597255445,0.391733289,5,0.115832391,0.11463982,1.662484755,0.03168828,0.0340212,,,,,,,,,,,,,,,,,,,,0.115832391,0.11463982,1.662484755,0.03168828,0.0340212,,,,,,,,,,,,,,,,,,,
5/19/2021,https://www.fool.com/investing/2021/05/19/palantir-must-continue-to-perform-to-justify-its-v/?source=iedfolrf0000001,-0.025946414,-0.986101359,0.026311425,2,0.026234677,0.026388172,,,,,,,,,,,,,,,,,,,,,,,0.026234677,0.026388172,,,,,,,,,,,,,,,,,,,,,,
5/20/2021,http://www.zacks.com/research-daily/1581865/top-research-reports-for-novo-nordisk-ibm-deere?cid=CS-ZC-FT-research_daily-1581865,1.864201344,0.992155582,1.88076146,2,1.35493757,2.40658535,,,,,,,,,,,,,,,,,,,,,,,1.35493757,2.40658535,,,,,,,,,,,,,,,,,,,,,,
5/21/2021,http://www.zacks.com/stock/news/1583505/the-zacks-analyst-blog-highlights-novo-nordisk-international-business-machines-deere-bhp-group-and-manulife-financial?cid=CS-ZC-FT-press_releases-1583505,1.187915662,0.873596787,1.359113059,3,0.292869263,1.332626955,2.451842958,,,,,,,,,,,,,,,,,,,,,,0.292869263,1.332626955,2.451842958,,,,,,,,,,,,,,,,,,,,,
5/21/2021,https://www.fool.com/investing/2021/05/21/earnings-roundup-palantir-virgin-galactic-and-tran/?source=iedfolrf0000001,-0.031017613,-0.986099005,0.031454867,1,0.031454867,,,,,,,,,,,,,,,,,,,,,,,,0.031454867,,,,,,,,,,,,,,,,,,,,,,,
5/21/2021,https://www.fool.com/investing/2021/05/21/better-buy-dogecoin-vs-ethereum/?source=iedfolrf0000001,-0.186707423,-0.995766282,0.18750125,1,0.18750125,,,,,,,,,,,,,,,,,,,,,,,,0.18750125,,,,,,,,,,,,,,,,,,,,,,,
5/21/2021,https://www.fool.com/investing/2021/05/21/3-stocks-im-buying-if-the-market-crashes-tomorrow/?source=iedfolrf0000001,0.105631051,0.965954542,0.10935406,1,0.10935406,,,,,,,,,,,,,,,,,,,,,,,,0.10935406,,,,,,,,,,,,,,,,,,,,,,,
5/22/2021,https://www.fool.com/investing/2021/05/22/3-sell-off-stocks-that-could-set-you-up-for-life/?source=iedfolrf0000001,0.025426016,0.995721817,0.02553526,1,0.02553526,,,,,,,,,,,,,,,,,,,,,,,,0.02553526,,,,,,,,,,,,,,,,,,,,,,,
5/22/2021,https://www.fool.com/investing/2021/05/22/3-value-stocks-to-buy-as-growth-stocks-and-cryptoc/?source=iedfolrf0000001,-0.05053287,-0.812670857,0.071927067,2,0.02694065,0.116913483,,,,,,,,,,,,,,,,,,,,,,,0.02694065,0.116913483,,,,,,,,,,,,,,,,,,,,,,
5/24/2021,http://www.zacks.com/stock/news/1598546/ibm-to-aid-pitney-bowes-pbi-in-deployment-of-hybrid-cloud?cid=CS-ZC-FT-analyst_blog|company_news_tech_sector-1598546,0.494954275,-0.331344108,0.59791275,3,1.650556657,0.115513462,0.027668132,,,,,,,,,,,,,,,,,,,,,,1.650556657,0.115513462,0.027668132,,,,,,,,,,,,,,,,,,,,,
5/24/2021,http://www.zacks.com/stock/news/1598462/vmware-vmw-to-report-q1-earnings-whats-in-the-cards?cid=CS-ZC-FT-analyst_blog|earnings_preview-1598462,0.024705121,0.985019803,0.025080837,1,0.025080837,,,,,,,,,,,,,,,,,,,,,,,,0.025080837,,,,,,,,,,,,,,,,,,,,,,,
5/25/2021,https://www.fool.com/investing/2021/05/25/danger-lurks-for-these-3-high-yield-dividend-stock/?source=iedfolrf0000001,-0.03310574,-0.983587459,0.033667082,4,0.03233571,0.034445537,0.036452808,0.031434275,,,,,,,,,,,,,,,,,,,,,0.03233571,0.034445537,0.036452808,0.031434275,,,,,,,,,,,,,,,,,,,,
5/26/2021,https://www.fool.com/investing/2021/05/26/2-stocks-with-world-class-dividends/?source=iedfolrf0000001,0.013357371,0.357960224,0.02963672,3,0.026956991,0.036659104,0.025294065,,,,,,,,,,,,,,,,,,,,,,0.026956991,0.036659104,0.025294065,,,,,,,,,,,,,,,,,,,,,
5/26/2021,https://www.fool.com/investing/2021/05/26/strong-earnings-just-sent-these-2-nasdaq-stocks-so/?source=iedfolrf0000001,0.114913639,0.99626416,0.115344548,1,0.115344548,,,,,,,,,,,,,,,,,,,,,,,,0.115344548,,,,,,,,,,,,,,,,,,,,,,,
5/27/2021,http://www.zacks.com/stock/news/1613676/caci-secures-%24373m-contract-to-provide-mission-support-to-socom?cid=CS-ZC-FT-analyst_blog|company_news_-_corporate_actions-1613676,0.270704443,0.998150229,0.271206112,1,0.271206112,,,,,,,,,,,,,,,,,,,,,,,,0.271206112,,,,,,,,,,,,,,,,,,,,,,,
5/27/2021,http://www.marketwatch.com/news/story.asp?guid=%7B20C05575-04D4-B545-745C-E323EC237C5E%7D&siteid=rss&rss=1,-1.794976933,-0.986371696,1.819777413,1,1.819777413,,,,,,,,,,,,,,,,,,,,,,,,1.819777413,,,,,,,,,,,,,,,,,,,,,,,
5/28/2021,https://www.benzinga.com/markets/cryptocurrency/21/05/21345866/follow-friday-8-dogecoin-accounts-to-follow-on-twitter,0.017049334,0.676751018,0.025192919,1,0.025192919,,,,,,,,,,,,,,,,,,,,,,,,0.025192919,,,,,,,,,,,,,,,,,,,,,,,
5/29/2021,http://www.marketwatch.com/news/story.asp?guid=%7B20C05575-04D4-B545-743E-8E7E7F38FE5C%7D&siteid=rss&rss=1,-0.027276366,-0.872299433,0.031269499,1,0.031269499,,,,,,,,,,,,,,,,,,,,,,,,0.031269499,,,,,,,,,,,,,,,,,,,,,,,
5/30/2021,https://www.fool.com/investing/2021/05/30/better-buy-cisco-systems-vs-ibm/?source=iedfolrf0000001,-0.204826748,0.413781623,0.488907638,3,0.119464644,1.202952433,0.144305836,,,,,,,,,,,,,,,,,,,,,,0.119464644,1.202952433,0.144305836,,,,,,,,,,,,,,,,,,,,,
6/1/2021,http://www.zacks.com/stock/news/1638948/iridium-irdm-mas-partner-to-boost-maritime-communications?cid=CS-ZC-FT-analyst_blog|company_news_tech_sector-1638948,0.120935344,0.992486358,0.121850888,1,0.121850888,,,,,,,,,,,,,,,,,,,,,,,,0.121850888,,,,,,,,,,,,,,,,,,,,,,,
6/3/2021,https://www.fool.com/investing/2021/06/03/why-shares-of-blackberry-gained-117-in-may/?source=iedfolrf0000001,-0.106783987,-0.997404516,0.107061865,1,0.107061865,,,,,,,,,,,,,,,,,,,,,,,,0.107061865,,,,,,,,,,,,,,,,,,,,,,,
6/4/2021,https://www.fool.com/investing/2021/06/04/3-technology-stocks-you-can-buy-and-hold-for-the-n/?source=iedfolrf0000001,0.571294816,0.763805389,0.747958609,1,0.747958609,,,,,,,,,,,,,,,,,,,,,,,,0.747958609,,,,,,,,,,,,,,,,,,,,,,,
6/4/2021,https://www.investing.com/analysis/forget-meme-stocks-buy-these-3-safe-dividend-payers-instead-200584205,0.132511866,0.997819424,0.13280145,1,0.13280145,,,,,,,,,,,,,,,,,,,,,,,,0.13280145,,,,,,,,,,,,,,,,,,,,,,,
6/5/2021,https://www.fool.com/investing/2021/06/05/3-dow-stocks-to-buy-hand-over-fist-in-june/?source=iedfolrf0000001,0.03652685,0.965682089,0.037824922,1,0.037824922,,,,,,,,,,,,,,,,,,,,,,,,0.037824922,,,,,,,,,,,,,,,,,,,,,,,
6/6/2021,https://www.fool.com/investing/2021/06/06/2-cryptocurrencies-with-the-best-chance-to-succeed/?source=iedfolrf0000001,-0.032865448,-0.977956057,0.033606262,1,0.033606262,,,,,,,,,,,,,,,,,,,,,,,,0.033606262,,,,,,,,,,,,,,,,,,,,,,,
6/7/2021,https://www.zacks.com/stock/news/1670607/paypals-pypl-latest-move-supports-black-underserved,-0.078201522,-0.993534625,0.0788999,2,0.13013236,0.02766744,,,,,,,,,,,,,,,,,,,,,,,0.13013236,0.02766744,,,,,,,,,,,,,,,,,,,,,,
6/8/2021,https://www.zacks.com/stock/news/1674535/4-stocks-to-watch-in-the-growing-nanotechnology-market,0.040754515,-0.003106594,0.068893497,2,0.110120015,0.027666979,,,,,,,,,,,,,,,,,,,,,,,0.110120015,0.027666979,,,,,,,,,,,,,,,,,,,,,,
6/9/2021,https://www.investing.com/analysis/2-stocks-att-and-ibm-which-is-the-better-buy-for-income-investors-200584972,-0.0039129,-0.307493548,0.138320515,3,0.189405911,0.026420077,0.199135557,,,,,,,,,,,,,,,,,,,,,,0.189405911,0.026420077,0.199135557,,,,,,,,,,,,,,,,,,,,,
6/11/2021,https://www.fool.com/investing/2021/06/11/is-top-bitcoin-owner-microstrategy-a-buy/,0.025895204,0.988257825,0.026202883,1,0.026202883,,,,,,,,,,,,,,,,,,,,,,,,0.026202883,,,,,,,,,,,,,,,,,,,,,,,
6/11/2021,https://www.fool.com/investing/2021/06/11/ibm-stock-has-quietly-rallied-40/,-0.03195828,-0.902775109,0.035558488,4,0.035432463,0.032510618,0.037130141,0.037160732,,,,,,,,,,,,,,,,,,,,,0.035432463,0.032510618,0.037130141,0.037160732,,,,,,,,,,,,,,,,,,,,
6/11/2021,https://www.fool.com/investing/2021/06/11/amazon-joins-other-tech-giants-in-setting-3-2-work/,-1.512885444,-0.972510457,1.555649539,1,1.555649539,,,,,,,,,,,,,,,,,,,,,,,,1.555649539,,,,,,,,,,,,,,,,,,,,,,,
6/11/2021,https://www.fool.com/investing/2021/06/11/5-safest-high-yield-dividend-stocks-on-the-planet/,0.026289291,0.712301373,0.03690754,1,0.03690754,,,,,,,,,,,,,,,,,,,,,,,,0.03690754,,,,,,,,,,,,,,,,,,,,,,,
6/11/2021,https://www.zacks.com/stock/news/1691728/science-applications-saic-secures-dod-contract-worth-126m,0.02583691,0.998636663,0.025872183,1,0.025872183,,,,,,,,,,,,,,,,,,,,,,,,0.025872183,,,,,,,,,,,,,,,,,,,,,,,
6/12/2021,https://www.marketwatch.com/story/almost-half-of-lgb-professionals-experience-discrimination-at-work-and-its-even-worse-for-people-of-color-11623350297,-0.031902506,-0.985583663,0.032369151,1,0.032369151,,,,,,,,,,,,,,,,,,,,,,,,0.032369151,,,,,,,,,,,,,,,,,,,,,,,
6/12/2021,https://www.fool.com/investing/2021/06/12/4-high-yield-dividend-stocks-to-watch/,0.033244806,0.988944143,0.033614551,2,0.032277569,0.034951534,,,,,,,,,,,,,,,,,,,,,,,0.032277569,0.034951534,,,,,,,,,,,,,,,,,,,,,,
6/14/2021,https://www.zacks.com/stock/news/1705058/server-vendors-gain-on-increased-it-infrastructure-investments,0.472764534,0.194742262,0.499843113,3,0.026342374,1.445755112,0.027431853,,,,,,,,,,,,,,,,,,,,,,0.026342374,1.445755112,0.027431853,,,,,,,,,,,,,,,,,,,,,
6/14/2021,https://www.benzinga.com/news/21/06/21548822/in-honor-of-ned-beatty-the-world-is-a-college-of-corporations,-0.025977803,-0.986226022,0.026340618,1,0.026340618,,,,,,,,,,,,,,,,,,,,,,,,0.026340618,,,,,,,,,,,,,,,,,,,,,,,
6/14/2021,https://www.fool.com/investing/2021/06/14/2-of-the-cheapest-stocks-i-own/,-0.026994042,-0.84050107,0.032897494,3,0.035565062,0.037118565,0.026008856,,,,,,,,,,,,,,,,,,,,,,0.035565062,0.037118565,0.026008856,,,,,,,,,,,,,,,,,,,,,
6/15/2021,https://www.fool.com/investing/2021/06/15/ibm-has-reached-a-52-week-high-is-it-a-buy/,-0.040157023,-0.329892417,0.062290455,3,0.032370608,0.1170705,0.037430258,,,,,,,,,,,,,,,,,,,,,,0.032370608,0.1170705,0.037430258,,,,,,,,,,,,,,,,,,,,,
6/15/2021,https://www.fool.com/investing/2021/06/15/3-great-stocks-for-your-ira/,-1.382728895,-0.61229831,2.258260186,1,2.258260186,,,,,,,,,,,,,,,,,,,,,,,,2.258260186,,,,,,,,,,,,,,,,,,,,,,,
6/15/2021,https://www.fool.com/investing/2021/06/15/why-ibm-wading-deeper-in-hybrid-cloud-computing/,-0.004204004,-0.019791335,0.078877285,4,0.120687935,0.135438518,0.028046671,0.031336016,,,,,,,,,,,,,,,,,,,,,0.120687935,0.135438518,0.028046671,0.031336016,,,,,,,,,,,,,,,,,,,,
6/15/2021,https://www.zacks.com/stock/news/1712145/ibms-red-hat-labs-to-develop-e-learning-solutions-with-curriki,0.055231289,0.174617509,0.092345567,3,0.134197434,0.115154228,0.027685038,,,,,,,,,,,,,,,,,,,,,,0.134197434,0.115154228,0.027685038,,,,,,,,,,,,,,,,,,,,,
6/17/2021,https://www.fool.com/investing/2021/06/17/amc-and-blackberry-stocks-are-trending-on-robinhoo/,-0.026292376,-0.999334514,0.026309885,1,0.026309885,,,,,,,,,,,,,,,,,,,,,,,,0.026309885,,,,,,,,,,,,,,,,,,,,,,,
6/17/2021,https://www.fool.com/investing/2021/06/17/are-upcoming-ipos-legalzoom-and-intapp-worth-a-loo/,-1.226028827,-0.791738451,1.548527581,1,1.548527581,,,,,,,,,,,,,,,,,,,,,,,,1.548527581,,,,,,,,,,,,,,,,,,,,,,,
6/18/2021,https://www.fool.com/investing/2021/06/18/better-buy-microsoft-vs-ibm/,0.08914141,0.992741326,0.08978034,3,0.113716808,0.11885394,0.036770273,,,,,,,,,,,,,,,,,,,,,,0.113716808,0.11885394,0.036770273,,,,,,,,,,,,,,,,,,,,,
6/18/2021,https://www.zacks.com/stock/news/1727875/ibm-focuses-on-ai-cloud-completes-turbonomic-acquisition,0.047938732,0.009993777,0.076704779,4,0.133731402,0.118934421,0.026451176,0.027702119,,,,,,,,,,,,,,,,,,,,,0.133731402,0.118934421,0.026451176,0.027702119,,,,,,,,,,,,,,,,,,,,
6/19/2021,https://www.fool.com/investing/2021/06/19/why-options-investors-should-avoid-meme-stocks/,-0.026423956,-0.993789375,0.026589091,1,0.026589091,,,,,,,,,,,,,,,,,,,,,,,,0.026589091,,,,,,,,,,,,,,,,,,,,,,,
6/21/2021,https://www.zacks.com/stock/news/1741885/caci-wins-82m-army-contract-to-support-electronic-warfare-mission,0.025080836,0.984428525,0.025477559,1,0.025477559,,,,,,,,,,,,,,,,,,,,,,,,0.025477559,,,,,,,,,,,,,,,,,,,,,,,
6/21/2021,https://www.zacks.com/research-daily/1742884/top-analyst-reports-for-att-walmart-cisco,1.364572581,0.990041971,1.378297709,1,1.378297709,,,,,,,,,,,,,,,,,,,,,,,,1.378297709,,,,,,,,,,,,,,,,,,,,,,,
6/22/2021,https://www.zacks.com/stock/news/1747163/the-zacks-analyst-blog-highlights-att-walmart-cisco-systems-ibm-and-micron-tech,0.104968771,0.186958532,0.200643981,3,0.376043636,0.109911939,0.115976368,,,,,,,,,,,,,,,,,,,,,,0.376043636,0.109911939,0.115976368,,,,,,,,,,,,,,,,,,,,,
6/22/2021,https://www.marketwatch.com/story/confluent-ipo-5-things-to-know-about-the-data-in-motion-platform-11624323117,-0.022975765,-0.897219002,0.025607756,1,0.025607756,,,,,,,,,,,,,,,,,,,,,,,,0.025607756,,,,,,,,,,,,,,,,,,,,,,,
6/24/2021,https://www.investing.com/analysis/searching-for-rich-safer-dividends--consider-3-highyield-dow-index-stocks-200587895,-0.1309294,-0.888191819,0.154272329,2,0.274837485,0.033707172,,,,,,,,,,,,,,,,,,,,,,,0.274837485,0.033707172,,,,,,,,,,,,,,,,,,,,,,
6/24/2021,https://www.fool.com/investing/2021/06/24/why-oracle-prosperity-may-come-at-expense-stock/,-0.030458838,-0.990958452,0.030736746,1,0.030736746,,,,,,,,,,,,,,,,,,,,,,,,0.030736746,,,,,,,,,,,,,,,,,,,,,,,
6/25/2021,https://www.zacks.com/stock/news/1754262/buy-these-4-stocks-for-a-consistent-dividend-income,0.08118723,0.98746562,0.082135062,2,0.031108677,0.133161447,,,,,,,,,,,,,,,,,,,,,,,0.031108677,0.133161447,,,,,,,,,,,,,,,,,,,,,,
6/28/2021,https://www.zacks.com/stock/news/1754979/ibm-partners-with-verizon-others-for-enterprise-5g-adoption,0.49055003,0.330223838,0.512823569,3,1.210539501,0.300246015,0.027685192,,,,,,,,,,,,,,,,,,,,,,1.210539501,0.300246015,0.027685192,,,,,,,,,,,,,,,,,,,,,
6/28/2021,https://www.zacks.com/stock/news/1754975/oracle-orcl-to-aid-deutsche-banks-digital-transformation,0.256417172,0.997655153,0.257019844,1,0.257019844,,,,,,,,,,,,,,,,,,,,,,,,0.257019844,,,,,,,,,,,,,,,,,,,,,,,
6/28/2021,https://www.zacks.com/stock/news/1754800/the-zacks-analyst-blog-highlights-3m-co-mcdonalds-aflac-and-international-business-machines,-0.066208835,0.096668184,0.231104833,2,0.329527274,0.132682393,,,,,,,,,,,,,,,,,,,,,,,0.329527274,0.132682393,,,,,,,,,,,,,,,,,,,,,,
6/28/2021,https://www.fool.com/investing/2021/06/28/4-dow-stocks-billionaire-money-managers-are-buying/,-0.035560638,-0.947611213,0.037526612,1,0.037526612,,,,,,,,,,,,,,,,,,,,,,,,0.037526612,,,,,,,,,,,,,,,,,,,,,,,
6/29/2021,https://www.benzinga.com/general/education/21/06/11957903/this-day-in-market-history-ibm-replaces-chrysler-in-the-dow,-0.119524473,-0.993175685,0.120345751,1,0.120345751,,,,,,,,,,,,,,,,,,,,,,,,0.120345751,,,,,,,,,,,,,,,,,,,,,,,
6/29/2021,https://www.zacks.com/stock/news/1755641/pitney-bowes-pbi-set-to-utilize-ambisort-robotic-system,0.105476302,0.9941203,0.106100139,1,0.106100139,,,,,,,,,,,,,,,,,,,,,,,,0.106100139,,,,,,,,,,,,,,,,,,,,,,,
6/29/2021,https://www.fool.com/investing/2021/06/29/reasons-buy-accenture-after-its-q3-earnings-beat/,0.002048561,0.061043352,0.031412482,2,0.031554684,0.03127028,,,,,,,,,,,,,,,,,,,,,,,0.031554684,0.03127028,,,,,,,,,,,,,,,,,,,,,,
6/30/2021,https://www.zacks.com/stock/news/1756127/science-applications-saic-secures-us-air-force-deal-worth-90m,0.260262693,0.990314782,0.262808047,1,0.262808047,,,,,,,,,,,,,,,,,,,,,,,,0.262808047,,,,,,,,,,,,,,,,,,,,,,,
7/2/2021,https://www.marketwatch.com/story/ibm-stock-worst-performer-on-dow-as-whitehurst-steps-down-as-president-11625250381,-0.033180688,-0.991505682,0.033472165,2,0.032604119,0.03434021,,,,,,,,,,,,,,,,,,,,,,,0.032604119,0.03434021,,,,,,,,,,,,,,,,,,,,,,
7/2/2021,https://www.fool.com/investing/2021/07/02/heres-why-ibm-fell-nearly-5-today/,0.027473653,0.803628534,0.03415463,2,0.034305499,0.034003761,,,,,,,,,,,,,,,,,,,,,,,0.034305499,0.034003761,,,,,,,,,,,,,,,,,,,,,,
7/2/2021,https://invezz.com/news/2021/07/02/ibm-stock-slips-more-than-4-as-jim-whitehurst-steps-down-as-president/,0.035753078,-0.230014205,0.879988631,2,1.202072646,0.557904616,,,,,,,,,,,,,,,,,,,,,,,1.202072646,0.557904616,,,,,,,,,,,,,,,,,,,,,,
7/2/2021,https://www.zacks.com/stock/news/1757215/are-investors-undervaluing-ibm-ibm-right-now,1.334231906,0.992666304,1.344089046,1,1.344089046,,,,,,,,,,,,,,,,,,,,,,,,1.344089046,,,,,,,,,,,,,,,,,,,,,,,
7/2/2021,https://www.benzinga.com/trading-ideas/long-ideas/21/07/21833521/microsoft-and-apple-lead-the-dow-jones-higher-friday,-0.031758097,-0.998373866,0.031809824,1,0.031809824,,,,,,,,,,,,,,,,,,,,,,,,0.031809824,,,,,,,,,,,,,,,,,,,,,,,
7/2/2021,https://www.zacks.com/stock/news/1757184/ibm-vs-zi-which-stock-should-value-investors-buy-now,0.672271731,0.155904233,1.266565603,2,1.831963748,0.701167459,,,,,,,,,,,,,,,,,,,,,,,1.831963748,0.701167459,,,,,,,,,,,,,,,,,,,,,,
7/2/2021,https://www.zacks.com/commentary/1756960/4-stocks-to-watch-in-a-challenging-technology-solutions-industry,-0.093326809,0.333676279,0.940154041,3,1.553065002,1.241448438,0.025948683,,,,,,,,,,,,,,,,,,,,,,1.553065002,1.241448438,0.025948683,,,,,,,,,,,,,,,,,,,,,
7/2/2021,https://www.fool.com/investing/2021/07/02/3-value-stocks-thatll-make-you-richer-in-july/,-0.03654856,-0.971478581,0.03762158,1,0.03762158,,,,,,,,,,,,,,,,,,,,,,,,0.03762158,,,,,,,,,,,,,,,,,,,,,,,
7/3/2021,https://www.marketwatch.com/story/dow-futures-trade-nearly-flat-ahead-of-june-jobs-report-11625224518,-0.031364814,-0.997484803,0.031443902,1,0.031443902,,,,,,,,,,,,,,,,,,,,,,,,0.031443902,,,,,,,,,,,,,,,,,,,,,,,
7/6/2021,https://www.investing.com/analysis/ibm-reaches-key-support-zone-200590070,-0.035897126,-0.980918169,0.036595434,1,0.036595434,,,,,,,,,,,,,,,,,,,,,,,,0.036595434,,,,,,,,,,,,,,,,,,,,,,,
7/6/2021,https://www.zacks.com/stock/news/1757900/zacks-industry-outlook-highlights-international-business-machines-zoominfo-hewlett-packard-and-ncr-corp,-0.934027671,-0.187024792,1.378714774,3,1.566330719,2.437134946,0.132678657,,,,,,,,,,,,,,,,,,,,,,1.566330719,2.437134946,0.132678657,,,,,,,,,,,,,,,,,,,,,
7/8/2021,https://www.marketwatch.com/story/the-jedi-reboot-allows-u-s-to-correct-its-mistake-11625687703,-0.220826933,-0.999009728,0.221045828,1,0.221045828,,,,,,,,,,,,,,,,,,,,,,,,0.221045828,,,,,,,,,,,,,,,,,,,,,,,
7/8/2021,https://www.benzinga.com/trading-ideas/long-ideas/21/07/21901002/are-these-4-stocks-trading-at-a-discount,0.238397795,0.724253118,0.329163644,1,0.329163644,,,,,,,,,,,,,,,,,,,,,,,,0.329163644,,,,,,,,,,,,,,,,,,,,,,,
7/8/2021,https://www.zacks.com/stock/news/1759209/ibm-vantiq-collaborate-to-deliver-edge-solutions-at-scale,0.666871017,0.992146432,0.673717603,2,1.211089971,0.136345235,,,,,,,,,,,,,,,,,,,,,,,1.211089971,0.136345235,,,,,,,,,,,,,,,,,,,,,,
7/9/2021,https://www.fool.com/investing/2021/07/09/a-look-at-the-2021-ipo-market/,0.025509809,0.993912578,0.025666049,1,0.025666049,,,,,,,,,,,,,,,,,,,,,,,,0.025666049,,,,,,,,,,,,,,,,,,,,,,,
7/10/2021,https://www.fool.com/investing/2021/07/10/the-pentagons-jedi-is-dead-but-it-will-return/,-0.028690291,-0.920697451,0.031161476,1,0.031161476,,,,,,,,,,,,,,,,,,,,,,,,0.031161476,,,,,,,,,,,,,,,,,,,,,,,
7/12/2021,https://www.zacks.com/stock/news/1760344/microsoft-msft-azure-cloud-leveraged-by-canada-based-cibc,-0.024840524,-0.976097822,0.025448806,1,0.025448806,,,,,,,,,,,,,,,,,,,,,,,,0.025448806,,,,,,,,,,,,,,,,,,,,,,,
7/12/2021,https://www.fool.com/investing/2021/07/12/is-it-too-late-to-buy-palantir-stock/,0.026506397,0.992188096,0.026715093,1,0.026715093,,,,,,,,,,,,,,,,,,,,,,,,0.026715093,,,,,,,,,,,,,,,,,,,,,,,
7/12/2021,https://www.zacks.com/stock/news/1760538/ibm-ibm-earnings-expected-to-grow-should-you-buy,-0.327471984,-0.991119226,0.330710887,3,0.734962448,0.225615191,0.031555022,,,,,,,,,,,,,,,,,,,,,,0.734962448,0.225615191,0.031555022,,,,,,,,,,,,,,,,,,,,,
7/13/2021,https://www.marketwatch.com/story/broadcom-purchasing-sas-would-propel-the-company-into-the-big-leagues-11626198474,0.584932573,0.781567693,0.748409356,1,0.748409356,,,,,,,,,,,,,,,,,,,,,,,,0.748409356,,,,,,,,,,,,,,,,,,,,,,,
7/13/2021,https://www.zacks.com/stock/news/1760907/dow-etf-set-to-rise-further-as-q2-earnings-kick-off,0.040840925,-8.21E-05,0.068158264,2,0.109165859,0.027150669,,,,,,,,,,,,,,,,,,,,,,,0.109165859,0.027150669,,,,,,,,,,,,,,,,,,,,,,
7/14/2021,https://www.fool.com/investing/2021/07/14/why-ibm-stock-jumped-17-in-the-first-half-of-2021/,-0.008193,-0.204476923,0.036451625,2,0.035516053,0.037387197,,,,,,,,,,,,,,,,,,,,,,,0.035516053,0.037387197,,,,,,,,,,,,,,,,,,,,,,
7/14/2021,https://www.fool.com/investing/2021/07/14/2021-half-year-check-in/,0.02533581,0.992751002,0.025520811,1,0.025520811,,,,,,,,,,,,,,,,,,,,,,,,0.025520811,,,,,,,,,,,,,,,,,,,,,,,
7/14/2021,https://www.fool.com/investing/2021/07/14/should-you-buy-confluent-stock-now/,-0.112220854,-0.990066171,0.113346822,1,0.113346822,,,,,,,,,,,,,,,,,,,,,,,,0.113346822,,,,,,,,,,,,,,,,,,,,,,,
7/14/2021,https://www.zacks.com/stock/news/1761461/microsoft-msft-inks-new-collaboration-with-nec-key-takeaways,0.025256353,0.99131763,0.025477559,1,0.025477559,,,,,,,,,,,,,,,,,,,,,,,,0.025477559,,,,,,,,,,,,,,,,,,,,,,,
7/16/2021,https://www.fool.com/investing/2021/07/16/things-to-look-for-in-ibm-q2-earnings-report/,-0.035947621,-0.995181084,0.036122003,3,0.034340726,0.036570158,0.037455125,,,,,,,,,,,,,,,,,,,,,,0.034340726,0.036570158,0.037455125,,,,,,,,,,,,,,,,,,,,,
7/16/2021,https://www.zacks.com/commentary/1763030/q2-earnings-reports-confirm-economic-boom-ahead,0.318045198,-0.00234431,0.347936809,2,0.66845844,0.027415179,,,,,,,,,,,,,,,,,,,,,,,0.66845844,0.027415179,,,,,,,,,,,,,,,,,,,,,,
7/18/2021,https://www.investing.com/analysis/3-stocks-to-watch-in-the-coming-week-netflix-johnson--johnson-ibm-200592041,0.130304442,0.589364409,0.221093165,1,0.221093165,,,,,,,,,,,,,,,,,,,,,,,,0.221093165,,,,,,,,,,,,,,,,,,,,,,,
7/19/2021,https://www.zacks.com/stock/news/1763553/ibm-gears-up-to-report-q2-earnings-whats-in-the-offing,0.040585493,0.314463,0.060476677,3,0.034870759,0.118874158,0.027685115,,,,,,,,,,,,,,,,,,,,,,0.034870759,0.118874158,0.027685115,,,,,,,,,,,,,,,,,,,,,
7/19/2021,https://www.zacks.com/stock/news/1763813/ibm-ibm-q2-earnings-and-revenues-top-estimates,-1.800369715,-0.981031746,1.835259166,2,1.880780315,1.789738017,,,,,,,,,,,,,,,,,,,,,,,1.880780315,1.789738017,,,,,,,,,,,,,,,,,,,,,,
7/19/2021,https://invezz.com/news/2021/07/19/ibm-reports-revenue-growth-for-the-second-consecutive-quarter/,-0.274259548,-0.144481659,0.334437023,2,0.034419085,0.63445496,,,,,,,,,,,,,,,,,,,,,,,0.034419085,0.63445496,,,,,,,,,,,,,,,,,,,,,,
7/19/2021,https://www.benzinga.com/news/earnings/21/07/22041492/mondays-market-minute-copper-crude-and-central-banks,-0.03052835,-0.992881536,0.030747223,1,0.030747223,,,,,,,,,,,,,,,,,,,,,,,,0.030747223,,,,,,,,,,,,,,,,,,,,,,,
7/19/2021,https://www.benzinga.com/news/earnings/21/07/22034839/5-stocks-to-watch-for-july-19-2021,-0.034327812,-0.997115254,0.034427125,1,0.034427125,,,,,,,,,,,,,,,,,,,,,,,,0.034427125,,,,,,,,,,,,,,,,,,,,,,,
7/19/2021,https://www.zacks.com/stock/news/1763819/markets-shed-july-gains-in-one-day-dow--725-points,-1.777473586,-0.998748183,1.779701446,1,1.779701446,,,,,,,,,,,,,,,,,,,,,,,,1.779701446,,,,,,,,,,,,,,,,,,,,,,,
7/19/2021,https://www.benzinga.com/news/earnings/21/07/22050666/travel-stocks-including-airlines-hit-hard-by-covid-fears-but-some-tech-stocks-show-strength,-0.02171782,-0.688517749,0.031542861,1,0.031542861,,,,,,,,,,,,,,,,,,,,,,,,0.031542861,,,,,,,,,,,,,,,,,,,,,,,
7/19/2021,https://www.zacks.com/stock/news/1763560/cloud-gbs-systems-in-spotlight-ahead-of-ibms-q2-earnings,0.041107074,0.013000727,0.075660728,2,0.116771263,0.034550192,,,,,,,,,,,,,,,,,,,,,,,0.116771263,0.034550192,,,,,,,,,,,,,,,,,,,,,,
7/19/2021,https://www.benzinga.com/news/earnings/21/07/22035201/a-peek-into-the-markets-us-stock-futures-tumble-ahead-of-earnings-reports-crude-oil-down,-0.030930592,-0.99842,0.03097954,1,0.03097954,,,,,,,,,,,,,,,,,,,,,,,,0.03097954,,,,,,,,,,,,,,,,,,,,,,,
7/19/2021,https://www.investing.com/analysis/covid-case-growth-hits-stocks-yields-at-start-of-big-earnings-week-200592250,-0.030749889,-0.986450911,0.031172244,1,0.031172244,,,,,,,,,,,,,,,,,,,,,,,,0.031172244,,,,,,,,,,,,,,,,,,,,,,,
7/19/2021,https://www.benzinga.com/news/earnings/21/07/22041377/covid-back-in-headlines-as-cases-ramp-up-pushing-travel-stocks-multinationals-lower,-0.028484031,-0.913131058,0.031193804,1,0.031193804,,,,,,,,,,,,,,,,,,,,,,,,0.031193804,,,,,,,,,,,,,,,,,,,,,,,
7/20/2021,https://www.zacks.com/stock/news/1764197/ibms-q2-earnings-revenues-surpass-estimates-stock-up,-0.189725732,-0.298203123,0.610892779,5,1.116385128,0.107004534,1.690117406,0.113237704,0.027719123,,,,,,,,,,,,,,,,,,,,1.116385128,0.107004534,1.690117406,0.113237704,0.027719123,,,,,,,,,,,,,,,,,,,
7/20/2021,https://www.fool.com/investing/2021/07/20/why-ibm-stock-rose-today/,0.065963615,0.845467329,0.087292715,2,0.138556536,0.036028893,,,,,,,,,,,,,,,,,,,,,,,0.138556536,0.036028893,,,,,,,,,,,,,,,,,,,,,,
7/20/2021,https://www.investing.com/analysis/signs-of-rebound-after-meltdown-but-will-early-momentum-continue-200592508,-0.029777675,-0.888936162,0.033498103,1,0.033498103,,,,,,,,,,,,,,,,,,,,,,,,0.033498103,,,,,,,,,,,,,,,,,,,,,,,
7/20/2021,https://www.benzinga.com/markets/cryptocurrency/21/07/22062639/earnings-pace-picks-up-later-today-with-chipotle-netflix-expected-to-report,-0.029180517,-0.871109545,0.033498103,1,0.033498103,,,,,,,,,,,,,,,,,,,,,,,,0.033498103,,,,,,,,,,,,,,,,,,,,,,,
7/20/2021,https://www.marketwatch.com/story/ibm-stock-gains-after-earnings-show-second-consecutive-quarter-of-sales-growth-11626726145,-0.103702425,-0.742414594,0.153062277,3,0.032300864,0.308312155,0.118573811,,,,,,,,,,,,,,,,,,,,,,0.032300864,0.308312155,0.118573811,,,,,,,,,,,,,,,,,,,,,
7/20/2021,https://www.benzinga.com/news/earnings/21/07/22055886/a-peek-into-the-markets-us-stock-futures-gain-following-mondays-plunge,-0.032064646,-0.996635735,0.032172884,1,0.032172884,,,,,,,,,,,,,,,,,,,,,,,,0.032172884,,,,,,,,,,,,,,,,,,,,,,,
7/20/2021,https://www.benzinga.com/news/earnings/21/07/22055233/ibm-beats-on-q2-earnings-clocks-20-red-hat-revenue-growth,-0.995496216,-0.997270763,0.998220597,1,0.998220597,,,,,,,,,,,,,,,,,,,,,,,,0.998220597,,,,,,,,,,,,,,,,,,,,,,,
7/20/2021,https://www.benzinga.com/news/earnings/21/07/22055298/5-stocks-to-watch-for-july-20-2021,-0.03428635,-0.994390547,0.034479763,1,0.034479763,,,,,,,,,,,,,,,,,,,,,,,,0.034479763,,,,,,,,,,,,,,,,,,,,,,,
7/20/2021,https://www.marketwatch.com/story/heres-where-jpmorgan-is-seeing-stock-bargains-as-the-bank-lifts-its-end-year-s-p-500-target-to-4-600-11626779492,-1.343280513,-0.995991528,1.348686685,1,1.348686685,,,,,,,,,,,,,,,,,,,,,,,,1.348686685,,,,,,,,,,,,,,,,,,,,,,,
7/20/2021,https://www.benzinga.com/analyst-ratings/analyst-color/21/07/22063894/analysts-raise-ibm-price-target-after-earnings-print,0.26638259,0.944927812,0.281907873,1,0.281907873,,,,,,,,,,,,,,,,,,,,,,,,0.281907873,,,,,,,,,,,,,,,,,,,,,,,
7/20/2021,https://www.fool.com/investing/2021/07/20/what-crash-dow-jones-surges-600-points-on-amex-gol/,0.082803875,0.013698459,0.111138912,2,0.02631199,0.195965834,,,,,,,,,,,,,,,,,,,,,,,0.02631199,0.195965834,,,,,,,,,,,,,,,,,,,,,,
7/20/2021,https://www.zacks.com/stock/news/1764236/etfs-to-buy-on-ibms-biggest-sales-growth-in-3-years,-0.229580959,-0.075403675,0.455493131,4,0.278524181,0.197270772,0.660233264,0.685944307,,,,,,,,,,,,,,,,,,,,,0.278524181,0.197270772,0.660233264,0.685944307,,,,,,,,,,,,,,,,,,,,
7/20/2021,https://www.marketwatch.com/story/dow-futures-bounce-200-points-higher-after-biggest-fall-in-8-months-11626781049,-0.025378812,-0.968550384,0.026202883,1,0.026202883,,,,,,,,,,,,,,,,,,,,,,,,0.026202883,,,,,,,,,,,,,,,,,,,,,,,
7/20/2021,https://www.fool.com/earnings/call-transcripts/2021/07/19/ibm-ibm-q2-2021-earnings-call-transcript/,0.174058687,0.701636644,0.227358776,15,0.036697764,0.025785946,0.13081289,0.034810404,0.194467667,1.126354372,0.266200346,0.025653949,0.025785946,0.228343147,0.113471484,0.025610249,0.223426946,0.219670202,0.733290334,,,,,,,,,,0.036697764,0.025785946,0.13081289,0.034810404,0.194467667,1.126354372,0.266200346,0.025653949,0.025785946,0.228343147,0.113471484,0.025610249,0.223426946,0.219670202,0.733290334,,,,,,,,,
7/21/2021,https://www.fool.com/investing/2021/07/21/reasons-ibm-top-dividend-stock-after-q2-earnings/,-0.399732825,0.486580193,0.45773409,4,0.037187533,1.722013928,0.03651686,0.03521804,,,,,,,,,,,,,,,,,,,,,0.037187533,1.722013928,0.03651686,0.03521804,,,,,,,,,,,,,,,,,,,,
7/22/2021,https://qz.com/2036529/more-than-450-airlines-can-now-use-ibms-digital-health-pass/,-0.067588248,-0.410078446,0.08734734,3,0.031588172,0.113719517,0.116734333,,,,,,,,,,,,,,,,,,,,,,0.031588172,0.113719517,0.116734333,,,,,,,,,,,,,,,,,,,,,
7/23/2021,https://www.benzinga.com/analyst-ratings/analyst-color/21/07/22127474/is-arqits-quantum-encryption-the-future-of-cybersecurity,-1.672479078,-0.995509267,1.680023615,1,1.680023615,,,,,,,,,,,,,,,,,,,,,,,,1.680023615,,,,,,,,,,,,,,,,,,,,,,,
7/23/2021,https://www.fool.com/investing/2021/07/23/1-real-estate-stock-that-cant-be-ignored/,0.025600819,0.996890843,0.025680664,1,0.025680664,,,,,,,,,,,,,,,,,,,,,,,,0.025680664,,,,,,,,,,,,,,,,,,,,,,,
7/24/2021,https://www.fool.com/investing/2021/07/24/5-high-yield-dividend-stocks-to-buy-now-inflation/,0.037096219,0.997757852,0.037179581,1,0.037179581,,,,,,,,,,,,,,,,,,,,,,,,0.037179581,,,,,,,,,,,,,,,,,,,,,,,
7/27/2021,https://www.zacks.com/stock/news/1768246/will-amazons-amzn-q2-earnings-benefit-from-aws-momentum,-0.024731905,-0.928210557,0.026559844,2,0.025435725,0.027683962,,,,,,,,,,,,,,,,,,,,,,,0.025435725,0.027683962,,,,,,,,,,,,,,,,,,,,,,
7/27/2021,https://www.benzinga.com/news/21/07/22173762/ibm-and-university-of-tokyo-debut-japans-most-powerful-quantum-computer,1.226355621,0.995930493,1.231366677,1,1.231366677,,,,,,,,,,,,,,,,,,,,,,,,1.231366677,,,,,,,,,,,,,,,,,,,,,,,
7/28/2021,https://qz.com/2039599/why-the-cost-of-getting-hacked-is-higher-than-ever/,-0.028949646,-0.980612814,0.029569299,2,0.033382678,0.02575592,,,,,,,,,,,,,,,,,,,,,,,0.033382678,0.02575592,,,,,,,,,,,,,,,,,,,,,,
7/28/2021,https://www.benzinga.com/news/21/07/22207976/data-breaches-cost-companies-4-24m-per-incident-on-average-report,-0.033311914,-0.998380899,0.033365937,1,0.033365937,,,,,,,,,,,,,,,,,,,,,,,,0.033365937,,,,,,,,,,,,,,,,,,,,,,,
7/29/2021,https://www.benzinga.com/news/earnings/21/07/22225411/august-outlook-months-highlights-include-key-earnings-reports-feds-jackson-hole-trip,-0.10078422,-0.875579536,0.115105728,1,0.115105728,,,,,,,,,,,,,,,,,,,,,,,,0.115105728,,,,,,,,,,,,,,,,,,,,,,,
7/29/2021,https://www.benzinga.com/news/21/07/22237665/ibm-michael-j-fox-foundation-using-artificial-intelligence-to-fight-parkinsons-disease,0.030129868,0.909470439,0.033129024,1,0.033129024,,,,,,,,,,,,,,,,,,,,,,,,0.033129024,,,,,,,,,,,,,,,,,,,,,,,
8/1/2021,https://www.fool.com/investing/2021/08/01/why-dont-investors-care-about-ibms-chipmaking-brea/,-0.055208277,-0.958500162,0.056391443,4,0.027873453,0.122148803,0.037970154,0.037573362,,,,,,,,,,,,,,,,,,,,,0.027873453,0.122148803,0.037970154,0.037573362,,,,,,,,,,,,,,,,,,,,
8/3/2021,https://www.benzinga.com/trading-ideas/long-ideas/21/08/22308313/nike-and-apple-lead-the-dia-higher-tuesday,-0.030943317,-0.974817991,0.031742661,1,0.031742661,,,,,,,,,,,,,,,,,,,,,,,,0.031742661,,,,,,,,,,,,,,,,,,,,,,,
8/4/2021,https://www.zacks.com/stock/news/1774215/stock-market-news-for-aug-4-2021,-0.069545978,-0.99661684,0.069814403,2,0.026204193,0.113424613,,,,,,,,,,,,,,,,,,,,,,,0.026204193,0.113424613,,,,,,,,,,,,,,,,,,,,,,
8/4/2021,https://www.marketwatch.com/story/how-about-genuine-reform-of-capital-gains-tax-rates-11628043406,-0.128284116,-0.999027848,0.128408949,1,0.128408949,,,,,,,,,,,,,,,,,,,,,,,,0.128408949,,,,,,,,,,,,,,,,,,,,,,,
8/7/2021,https://www.fool.com/investing/2021/08/07/4-perfect-dividend-stocks-help-you-crush-inflation/,0.037278157,0.997821569,0.037359542,1,0.037359542,,,,,,,,,,,,,,,,,,,,,,,,0.037359542,,,,,,,,,,,,,,,,,,,,,,,
8/9/2021,https://www.investing.com/analysis/3-solid-dividend-stocks-for-enhancing-retirement-income-200597156,0.120491136,0.336651544,0.268121193,3,0.218615516,0.035073842,0.550674222,,,,,,,,,,,,,,,,,,,,,,0.218615516,0.035073842,0.550674222,,,,,,,,,,,,,,,,,,,,,
8/9/2021,https://www.marketwatch.com/story/big-techs-big-problem-let-employees-stay-home-from-expensive-campuses-or-risk-losing-30-of-their-workers-11628267416,0.025430974,0.967721641,0.026279224,1,0.026279224,,,,,,,,,,,,,,,,,,,,,,,,0.026279224,,,,,,,,,,,,,,,,,,,,,,,
8/9/2021,https://www.marketwatch.com/story/big-tech-is-suffering-from-a-great-resignation-of-workers-who-say-its-a-good-time-to-leave-11628267291,-0.026273446,-0.98405081,0.026699278,1,0.026699278,,,,,,,,,,,,,,,,,,,,,,,,0.026699278,,,,,,,,,,,,,,,,,,,,,,,
8/12/2021,https://www.benzinga.com/general/education/21/08/14248780/this-day-in-market-history-ibm-launches-first-pc,-1.463174041,-0.991923034,1.475088278,1,1.475088278,,,,,,,,,,,,,,,,,,,,,,,,1.475088278,,,,,,,,,,,,,,,,,,,,,,,
8/13/2021,https://www.fool.com/investing/2021/08/13/3-high-yield-tech-stocks-to-buy-in-august/,0.589019371,0.015296966,0.705135875,2,1.294103577,0.116168173,,,,,,,,,,,,,,,,,,,,,,,1.294103577,0.116168173,,,,,,,,,,,,,,,,,,,,,,
8/13/2021,https://www.benzinga.com/analyst-ratings/analyst-color/21/08/22487571/palantir-analysts-weigh-in-on-sustainability-of-q2-growth,0.275566522,0.963879406,0.285893152,1,0.285893152,,,,,,,,,,,,,,,,,,,,,,,,0.285893152,,,,,,,,,,,,,,,,,,,,,,,
8/17/2021,https://www.fool.com/investing/2021/08/17/3-top-dividend-stocks-to-buy-in-august/,-0.074017375,-0.992312729,0.074616179,2,0.118230749,0.031001608,,,,,,,,,,,,,,,,,,,,,,,0.118230749,0.031001608,,,,,,,,,,,,,,,,,,,,,,
8/17/2021,https://www.marketwatch.com/story/big-tech-flies-too-much-its-time-for-these-companies-to-practice-what-they-preach-to-help-stop-climate-change-11629149631,-0.084708493,-0.733633339,0.115464345,1,0.115464345,,,,,,,,,,,,,,,,,,,,,,,,0.115464345,,,,,,,,,,,,,,,,,,,,,,,
8/18/2021,https://www.marketwatch.com/story/big-tech-conferences-are-coming-back-but-smaller-ones-see-a-different-path-11629231155,-0.024913595,-0.992719948,0.025096171,2,0.025152029,0.025040314,,,,,,,,,,,,,,,,,,,,,,,0.025152029,0.025040314,,,,,,,,,,,,,,,,,,,,,,
8/18/2021,https://www.zacks.com/stock/news/1783411/ibm-ibm-up-18-since-last-earnings-report-can-it-continue,-0.398123268,-0.136866763,0.464182191,4,0.036553144,0.106569112,1.678093766,0.035512743,,,,,,,,,,,,,,,,,,,,,0.036553144,0.106569112,1.678093766,0.035512743,,,,,,,,,,,,,,,,,,,,
8/20/2021,https://www.marketwatch.com/story/biden-administration-seeks-to-control-banking-technology-transportation-to-serve-a-woke-agenda-11629217684,-0.126427817,-0.992259204,0.127414104,1,0.127414104,,,,,,,,,,,,,,,,,,,,,,,,0.127414104,,,,,,,,,,,,,,,,,,,,,,,
8/20/2021,https://www.fool.com/investing/2021/08/20/heres-how-to-find-the-best-dividend-stocks/,-0.564737534,-0.930983216,0.613607613,2,0.121063025,1.106152202,,,,,,,,,,,,,,,,,,,,,,,0.121063025,1.106152202,,,,,,,,,,,,,,,,,,,,,,
8/24/2021,https://www.zacks.com/stock/news/1786175/ibm-ibm-outpaces-stock-market-gains-what-you-should-know,-0.025936632,-0.010977894,1.471829639,2,1.481745457,1.461913821,,,,,,,,,,,,,,,,,,,,,,,1.481745457,1.461913821,,,,,,,,,,,,,,,,,,,,,,
8/24/2021,https://www.zacks.com/stock/news/1786093/whats-in-store-for-dell-technologies-dell-in-q2-earnings,-0.02588479,-0.999339402,0.025901901,1,0.025901901,,,,,,,,,,,,,,,,,,,,,,,,0.025901901,,,,,,,,,,,,,,,,,,,,,,,
8/24/2021,https://www.marketwatch.com/story/ceos-of-apple-microsoft-amazon-to-meet-with-biden-over-cybersecurity-report-11629767493,0.031174367,0.969309628,0.032161413,1,0.032161413,,,,,,,,,,,,,,,,,,,,,,,,0.032161413,,,,,,,,,,,,,,,,,,,,,,,
8/26/2021,https://www.marketwatch.com/story/biden-administration-to-roll-out-cybersecurity-steps-as-president-meets-with-ceos-from-silicon-valley-other-sectors-11629842515,-0.05970019,-0.886455774,0.07081343,2,0.031698571,0.109928289,,,,,,,,,,,,,,,,,,,,,,,0.031698571,0.109928289,,,,,,,,,,,,,,,,,,,,,,
8/26/2021,https://www.benzinga.com/news/21/08/22668742/apple-commits-to-shoring-up-supply-chain-security-google-amazon-microsoft-to-also-pour-money-efforts,-1.0243722,-0.985661924,1.039273381,1,1.039273381,,,,,,,,,,,,,,,,,,,,,,,,1.039273381,,,,,,,,,,,,,,,,,,,,,,,
8/26/2021,https://www.fool.com/investing/2021/08/26/3-dow-stocks-billionaire-couldnt-stop-buying-in-q2/,0.029311654,0.942456454,0.031350118,2,0.037505007,0.025195229,,,,,,,,,,,,,,,,,,,,,,,0.037505007,0.025195229,,,,,,,,,,,,,,,,,,,,,,
8/27/2021,https://www.fool.com/investing/2021/08/27/better-dividend-stock-att-or-ibm/,-0.035781929,-0.997301042,0.035879077,4,0.036243354,0.036228427,0.035101547,0.035942979,,,,,,,,,,,,,,,,,,,,,0.036243354,0.036228427,0.035101547,0.035942979,,,,,,,,,,,,,,,,,,,,
8/27/2021,https://www.zacks.com/stock/news/1787598/is-this-the-time-for-cyber-security-etfs,0.527931708,0.606188476,0.870903571,1,0.870903571,,,,,,,,,,,,,,,,,,,,,,,,0.870903571,,,,,,,,,,,,,,,,,,,,,,,
8/27/2021,https://www.fool.com/investing/2021/08/27/3-of-the-cheapest-stocks-i-own/,-0.109594175,-0.865807682,0.114868111,2,0.192395952,0.037340269,,,,,,,,,,,,,,,,,,,,,,,0.192395952,0.037340269,,,,,,,,,,,,,,,,,,,,,,
8/28/2021,https://www.fool.com/investing/2021/08/28/5-high-yield-dividend-stocks-double-money-by-2029/,0.036993943,0.984903336,0.037560988,1,0.037560988,,,,,,,,,,,,,,,,,,,,,,,,0.037560988,,,,,,,,,,,,,,,,,,,,,,,
8/30/2021,https://www.marketwatch.com/story/what-an-a-i-based-stock-picker-says-about-market-risks-as-delta-variant-spreads-11630084719,1.703136384,0.913181841,1.865057217,1,1.865057217,,,,,,,,,,,,,,,,,,,,,,,,1.865057217,,,,,,,,,,,,,,,,,,,,,,,
8/30/2021,https://www.zacks.com/stock/news/1788924/ibm-ibm-stock-sinks-as-market-gains-what-you-should-know,1.652595766,0.915579915,1.826047125,2,2.092582404,1.559511846,,,,,,,,,,,,,,,,,,,,,,,2.092582404,1.559511846,,,,,,,,,,,,,,,,,,,,,,
8/30/2021,https://www.fool.com/investing/2021/08/30/exploring-the-mysteries-of-palantir-stock/,-0.026127575,-0.993070662,0.026309885,1,0.026309885,,,,,,,,,,,,,,,,,,,,,,,,0.026309885,,,,,,,,,,,,,,,,,,,,,,,
8/31/2021,https://www.benzinga.com/news/21/08/22747786/walgreens-and-ibm-lead-the-dow-jones,-0.031542308,-0.987743676,0.031933698,1,0.031933698,,,,,,,,,,,,,,,,,,,,,,,,0.031933698,,,,,,,,,,,,,,,,,,,,,,,
9/1/2021,https://www.fool.com/investing/2021/09/01/why-anaplan-stock-is-soaring-today/,0.10991258,0.998709798,0.110054573,1,0.110054573,,,,,,,,,,,,,,,,,,,,,,,,0.110054573,,,,,,,,,,,,,,,,,,,,,,,
9/1/2021,https://www.benzinga.com/news/21/09/22762821/ibm-and-adobe-debut-free-online-design-coursework-for-teens,1.237645582,0.998319805,1.239728568,1,1.239728568,,,,,,,,,,,,,,,,,,,,,,,,1.239728568,,,,,,,,,,,,,,,,,,,,,,,
9/2/2021,http://feeds.benzinga.com/~r/benzinga/news/management/~3/CbnQCsGVl94/digital-asset-management-market-players-work-on-technologically-advanced-solutions-as-per-the-busi,0.025225455,0.989545524,0.02549196,1,0.02549196,,,,,,,,,,,,,,,,,,,,,,,,0.02549196,,,,,,,,,,,,,,,,,,,,,,,
9/2/2021,http://feeds.benzinga.com/~r/benzinga/economics/~3/EZ0TFs0_l8o/global-report-on-digital-health-market-size-valuation-will-reach-to-usd-220-94-billion-by-2026-acc,-0.027548432,-0.987824082,0.027887993,1,0.027887993,,,,,,,,,,,,,,,,,,,,,,,,0.027887993,,,,,,,,,,,,,,,,,,,,,,,
9/2/2021,https://www.fool.com/investing/2021/09/02/3-reasons-to-buy-ibm-and-1-reason-to-sell/,0.001830215,0.063345373,0.03640221,3,0.034507142,0.037527851,0.037171636,,,,,,,,,,,,,,,,,,,,,,0.034507142,0.037527851,0.037171636,,,,,,,,,,,,,,,,,,,,,
9/3/2021,http://feeds.benzinga.com/~r/benzinga/markets/commodities/~3/ziP1JWJv_MQ/a-50-9-billion-global-opportunity-for-oil-and-gas-mobility-by-2026-new-research-from-strategyr,0.644304846,0.931259215,0.69186413,1,0.69186413,,,,,,,,,,,,,,,,,,,,,,,,0.69186413,,,,,,,,,,,,,,,,,,,,,,,
9/3/2021,http://feeds.benzinga.com/~r/benzinga/markets/commodities/~3/6YCOPjaxwGk/global-industry-analysts-predicts-the-world-oil-and-gas-analytics-market-to-reach-105-5-billion-by,0.026295976,0.995972931,0.0264023,1,0.0264023,,,,,,,,,,,,,,,,,,,,,,,,0.0264023,,,,,,,,,,,,,,,,,,,,,,,
9/3/2021,http://feeds.benzinga.com/~r/benzinga/news/management/~3/-I42bvzbIQY/customer-experience-management-market-to-gather-traction-infiniti-research-completes-customer-mana,-0.025929233,-0.987256765,0.02626392,1,0.02626392,,,,,,,,,,,,,,,,,,,,,,,,0.02626392,,,,,,,,,,,,,,,,,,,,,,,
9/3/2021,http://feeds.benzinga.com/~r/benzinga/markets/commodities/~3/flsHmSubkCM/new-study-from-strategyr-highlights-a-7-2-billion-global-market-for-oil-and-gas-cloud-applications,0.026250835,0.996591449,0.026340618,1,0.026340618,,,,,,,,,,,,,,,,,,,,,,,,0.026340618,,,,,,,,,,,,,,,,,,,,,,,
9/3/2021,http://feeds.benzinga.com/~r/benzinga/news/retail-sales/~3/tYe-_8FFWKU/the-law-offices-of-frank-r-cruz-reminds-investors-of-looming-deadline-in-the-class-action-lawsuit-,-0.027888174,-0.999388099,0.027905249,1,0.027905249,,,,,,,,,,,,,,,,,,,,,,,,0.027905249,,,,,,,,,,,,,,,,,,,,,,,
9/4/2021,https://www.fool.com/investing/2021/09/04/how-ethereums-next-big-upgrade-could-boost-its-val/,-0.685031505,-0.896721482,0.763928955,1,0.763928955,,,,,,,,,,,,,,,,,,,,,,,,0.763928955,,,,,,,,,,,,,,,,,,,,,,,
9/5/2021,https://www.fool.com/investing/2021/09/05/3-top-ai-stocks-to-buy-right-now/,0.030090973,-0.053850621,0.074103258,2,0.111700009,0.036506507,,,,,,,,,,,,,,,,,,,,,,,0.111700009,0.036506507,,,,,,,,,,,,,,,,,,,,,,
9/6/2021,https://www.zacks.com/stock/news/1792253/3-stocks-to-watch-amid-rising-usage-of-business-analytics,0.030284028,0.913452327,0.033153376,1,0.033153376,,,,,,,,,,,,,,,,,,,,,,,,0.033153376,,,,,,,,,,,,,,,,,,,,,,,
9/7/2021,http://feeds.benzinga.com/~r/benzinga/news/legal/~3/lgoDnkSGEEQ/bragar-eagel-squire-p-c-reminds-investors-that-class-action-lawsuits-have-been-filed-against-orpha,-0.026051222,-0.998751909,0.026083665,2,0.025947904,0.026219426,,,,,,,,,,,,,,,,,,,,,,,0.025947904,0.026219426,,,,,,,,,,,,,,,,,,,,,,
9/7/2021,http://feeds.benzinga.com/~r/benzinga/news/management/~3/JB7IVMnJKXs/human-capital-management-market-to-hit-usd-32-68-billion-till-2027-registering-a-cagr-of-9-3,-0.026645441,-0.982031584,0.027132978,1,0.027132978,,,,,,,,,,,,,,,,,,,,,,,,0.027132978,,,,,,,,,,,,,,,,,,,,,,,
9/7/2021,http://feeds.benzinga.com/~r/benzinga/markets/bonds/~3/tFnhdnGrXHA/global-smart-parking-systems-market-to-clock-double-digit-growth-anticipates-revenue-will-hit-up-t,0.120743909,0.99392724,0.121481638,1,0.121481638,,,,,,,,,,,,,,,,,,,,,,,,0.121481638,,,,,,,,,,,,,,,,,,,,,,,
9/8/2021,http://feeds.benzinga.com/~r/benzinga/news/m-a/~3/8ookElgp3d0/everything-as-a-service-xaas-market-size-share-by-sales-revenue-future-demands-growth-factors-and-,-0.027019773,-0.974858761,0.027716603,1,0.027716603,,,,,,,,,,,,,,,,,,,,,,,,0.027716603,,,,,,,,,,,,,,,,,,,,,,,
9/8/2021,https://www.smarteranalyst.com/bloggers-corner/high-probability-trade-on-international-business-machines-corp-ibm/,-0.175212906,0.166012108,0.212415802,3,0.573058647,0.036349901,0.027838859,,,,,,,,,,,,,,,,,,,,,,0.573058647,0.036349901,0.027838859,,,,,,,,,,,,,,,,,,,,,
9/8/2021,https://www.fool.com/investing/2021/09/09/3-top-growth-stocks-to-buy-in-september/,0.108802816,0.99668628,0.109164557,1,0.109164557,,,,,,,,,,,,,,,,,,,,,,,,0.109164557,,,,,,,,,,,,,,,,,,,,,,,
9/8/2021,https://www.fool.com/investing/2021/09/08/3-reasons-to-buy-ibm-and-1-reason-to-sell/,-0.034424511,-0.925920129,0.037209208,4,0.03672506,0.037658935,0.037536246,0.03691659,,,,,,,,,,,,,,,,,,,,,0.03672506,0.037658935,0.037536246,0.03691659,,,,,,,,,,,,,,,,,,,,
9/8/2021,https://www.zacks.com/stock/news/1793510/ibm-introduces-the-latest-power-e1080-server-for-hybrid-cloud,0.040982627,0.324322224,0.060095017,3,0.033498941,0.119100995,0.027685115,,,,,,,,,,,,,,,,,,,,,,0.033498941,0.119100995,0.027685115,,,,,,,,,,,,,,,,,,,,,
9/8/2021,https://www.investing.com/analysis/ibm-with-a-5-dividend-yield-should-big-blue-be-in-your-income-portfolio-200601182,-0.049467743,-0.003056675,0.085635435,2,0.13513928,0.03613159,,,,,,,,,,,,,,,,,,,,,,,0.13513928,0.03613159,,,,,,,,,,,,,,,,,,,,,,
9/8/2021,http://feeds.benzinga.com/~r/benzinga/news/m-a/~3/QYyR_I1fcrI/industrial-cyber-security-ics-market-to-gain-momentum-acquisition-of-sentryo-by-cisco-system-inc-t,-0.026157327,-0.982601643,0.02662048,1,0.02662048,,,,,,,,,,,,,,,,,,,,,,,,0.02662048,,,,,,,,,,,,,,,,,,,,,,,
9/9/2021,https://www.fool.com/investing/2021/09/09/ibm-rolls-out-first-power10-server/,-0.034556844,-0.943029205,0.036684938,3,0.035328396,0.037483163,0.037243254,,,,,,,,,,,,,,,,,,,,,,0.035328396,0.037483163,0.037243254,,,,,,,,,,,,,,,,,,,,,
9/10/2021,https://www.zacks.com/stock/news/1794790/ibm-focuses-on-ai-business-adds-new-features-to-watson,0.028380292,-0.12927866,0.08935796,2,0.03623313,0.14248279,,,,,,,,,,,,,,,,,,,,,,,0.03623313,0.14248279,,,,,,,,,,,,,,,,,,,,,,
9/11/2021,https://www.fool.com/investing/2021/09/11/5-safest-dividend-stocks-retirees-can-buy-now/,0.037075977,0.996905148,0.037191078,1,0.037191078,,,,,,,,,,,,,,,,,,,,,,,,0.037191078,,,,,,,,,,,,,,,,,,,,,,,
9/13/2021,https://www.fool.com/investing/2021/09/13/like-dividends-youll-love-these-3-stocks/,0.066999107,0.887199074,0.073010589,2,0.03465612,0.111365059,,,,,,,,,,,,,,,,,,,,,,,0.03465612,0.111365059,,,,,,,,,,,,,,,,,,,,,,
9/14/2021,https://newsheater.com/2021/09/14/a-lesson-to-learn-international-business-machines-corporation-ibm-3/,-0.139274143,-0.990483478,0.140144184,4,0.199432805,0.30021769,0.033952963,0.026973277,,,,,,,,,,,,,,,,,,,,,0.199432805,0.30021769,0.033952963,0.026973277,,,,,,,,,,,,,,,,,,,,
9/14/2021,https://www.marketwatch.com/story/investors-shouldnt-overlook-oracle-the-company-is-in-the-midst-of-a-bold-comeback-11631629003,0.023227515,0.734834433,0.031609181,1,0.031609181,,,,,,,,,,,,,,,,,,,,,,,,0.031609181,,,,,,,,,,,,,,,,,,,,,,,
9/14/2021,https://www.zacks.com/stock/news/1796399/ibm-ibm-dips-more-than-broader-markets-what-you-should-know,-1.43390241,-0.751678288,1.824673446,2,2.089422496,1.559924395,,,,,,,,,,,,,,,,,,,,,,,2.089422496,1.559924395,,,,,,,,,,,,,,,,,,,,,,
9/15/2021,https://invezz.com/news/2021/09/15/g-squareds-victoria-greene-on-ibm-its-a-very-unloved-stock/,0.264008906,0.013339609,0.299329526,2,0.034427781,0.56423127,,,,,,,,,,,,,,,,,,,,,,,0.034427781,0.56423127,,,,,,,,,,,,,,,,,,,,,,
9/15/2021,https://www.benzinga.com/news/21/09/22958533/premarket-prep-stock-of-the-day-microsoft-gets-aggressive,-0.026111529,-0.99410367,0.026266421,2,0.025784725,0.026748118,,,,,,,,,,,,,,,,,,,,,,,0.025784725,0.026748118,,,,,,,,,,,,,,,,,,,,,,
9/16/2021,https://www.benzinga.com/markets/cryptocurrency/21/09/22962960/musk-cook-buterin-and-more-5-names-investors-would-recognize-on-this-years-time-list-of-10,0.025243666,0.996976733,0.025320216,1,0.025320216,,,,,,,,,,,,,,,,,,,,,,,,0.025320216,,,,,,,,,,,,,,,,,,,,,,,
9/17/2021,https://www.zacks.com/stock/research/ibm/dividend-history,0.025079174,0.728471339,0.034427125,1,0.034427125,,,,,,,,,,,,,,,,,,,,,,,,0.034427125,,,,,,,,,,,,,,,,,,,,,,,
9/17/2021,https://www.fool.com/investing/2021/09/18/the-1-value-stock-im-buying-right-now/,-0.019683769,-0.772592425,0.025477559,1,0.025477559,,,,,,,,,,,,,,,,,,,,,,,,0.025477559,,,,,,,,,,,,,,,,,,,,,,,
9/18/2021,https://www.fool.com/investing/2021/09/18/4-stocks-worth-1-trillion-by-2035/,0.022034823,0.830182433,0.026542146,1,0.026542146,,,,,,,,,,,,,,,,,,,,,,,,0.026542146,,,,,,,,,,,,,,,,,,,,,,,
9/20/2021,https://www.fool.com/investing/2021/09/21/cisco-sees-80-billion-cybersecurity-opportunity/,-0.026636236,-0.998229444,0.026683481,1,0.026683481,,,,,,,,,,,,,,,,,,,,,,,,0.026683481,,,,,,,,,,,,,,,,,,,,,,,
9/20/2021,https://www.zacks.com/stock/news/1798624/ibm-ibm-stock-moves--068-what-you-should-know,-0.027468719,-0.011986554,1.473104183,2,1.483077565,1.463130801,,,,,,,,,,,,,,,,,,,,,,,1.483077565,1.463130801,,,,,,,,,,,,,,,,,,,,,,
9/21/2021,https://newsheater.com/2021/09/21/is-a-correction-looming-ahead-for-international-business-machines-corporation-ibm-5/,-0.139499493,-0.991146475,0.140237662,4,0.199798174,0.300217699,0.033961493,0.026973284,,,,,,,,,,,,,,,,,,,,,0.199798174,0.300217699,0.033961493,0.026973284,,,,,,,,,,,,,,,,,,,,
9/21/2021,https://www.fool.com/investing/2021/09/21/apples-latest-hot-ipos-and-the-future-of-ai/,0.099230369,0.88970983,0.111531159,1,0.111531159,,,,,,,,,,,,,,,,,,,,,,,,0.111531159,,,,,,,,,,,,,,,,,,,,,,,
9/22/2021,https://www.fool.com/investing/2021/09/22/these-2-dividend-etfs-are-a-retirees-best-friend/,0.025575813,0.963592529,0.026542146,1,0.026542146,,,,,,,,,,,,,,,,,,,,,,,,0.026542146,,,,,,,,,,,,,,,,,,,,,,,
9/22/2021,https://www.benzinga.com/pressreleases/21/09/n23057001/banks-across-africa-turn-to-ibm-hybrid-cloud-and-ai-solutions-to-accelerate-digital-innovation,0.272434694,0.567430794,0.292907865,5,0.03689859,1.222553151,0.134535163,0.037935955,0.032616467,,,,,,,,,,,,,,,,,,,,0.03689859,1.222553151,0.134535163,0.037935955,0.032616467,,,,,,,,,,,,,,,,,,,
9/22/2021,https://www.zacks.com/stock/news/1799769/how-to-be-a-great-long-term-stock-investor,-0.091217033,-0.961033622,0.093295056,3,0.218786533,0.03349855,0.027600086,,,,,,,,,,,,,,,,,,,,,,0.218786533,0.03349855,0.027600086,,,,,,,,,,,,,,,,,,,,,
9/23/2021,https://www.fool.com/investing/2021/09/23/3-dividend-paying-tech-stocks-to-buy-in-september/,0.024785657,0.984383821,0.025178854,1,0.025178854,,,,,,,,,,,,,,,,,,,,,,,,0.025178854,,,,,,,,,,,,,,,,,,,,,,,
9/23/2021,https://www.zacks.com/stock/news/1799925/zacks-market-edge-highlights-amazon-starbucks-facebook-ibm-and-netflix,-0.030335285,-0.989152282,0.030695565,2,0.033791182,0.027599948,,,,,,,,,,,,,,,,,,,,,,,0.033791182,0.027599948,,,,,,,,,,,,,,,,,,,,,,
9/23/2021,http://feeds.benzinga.com/~r/benzinga/news/m-a/~3/sI4aaCtm6tg/enterprise-governance-risk-and-compliance-market-to-soar-at-14-0-cagr-till-2028-heightened-need-fo,-0.025936207,-0.994998455,0.02606658,1,0.02606658,,,,,,,,,,,,,,,,,,,,,,,,0.02606658,,,,,,,,,,,,,,,,,,,,,,,
9/23/2021,https://www.zacks.com/stock/news/1800164/ibm-telefonica-to-build-cloud-based-5g-core-network-platform,0.067672501,0.86504668,0.07699925,2,0.117852412,0.036146088,,,,,,,,,,,,,,,,,,,,,,,0.117852412,0.036146088,,,,,,,,,,,,,,,,,,,,,,
9/23/2021,https://www.zacks.com/stock/news/1800311/amazon-amzn-boosts-asia-pacific-reach-with-new-zealand-region,0.00136369,-0.005040944,0.029205605,2,0.030726788,0.027684423,,,,,,,,,,,,,,,,,,,,,,,0.030726788,0.027684423,,,,,,,,,,,,,,,,,,,,,,
9/24/2021,https://www.zacks.com/research-daily/1800775/top-research-reports-for-home-depot-salesforce-pfizer,0.211432977,0.992096901,0.213117263,1,0.213117263,,,,,,,,,,,,,,,,,,,,,,,,0.213117263,,,,,,,,,,,,,,,,,,,,,,,
9/24/2021,https://www.fool.com/investing/2021/09/24/heres-my-largest-tech-stock-position-now/,0.900025962,0.730960071,1.231292923,1,1.231292923,,,,,,,,,,,,,,,,,,,,,,,,1.231292923,,,,,,,,,,,,,,,,,,,,,,,
9/25/2021,https://www.benzinga.com/news/small-cap/21/09/23101672/barrons-latest-picks-and-pans-healthcare-roundtable-picks-dividend-aristocrats-and-more,-0.561130262,-0.998377562,0.562042141,1,0.562042141,,,,,,,,,,,,,,,,,,,,,,,,0.562042141,,,,,,,,,,,,,,,,,,,,,,,
9/26/2021,https://www.benzinga.com/markets/options/21/09/23104630/tony-zhangs-ibm-trade,-0.035423997,-0.999388814,0.035445661,1,0.035445661,,,,,,,,,,,,,,,,,,,,,,,,0.035445661,,,,,,,,,,,,,,,,,,,,,,,
9/27/2021,https://www.fool.com/investing/2021/09/27/is-accenture-stock-a-buy/,0.867386357,0.99165374,0.873900191,2,0.706853077,1.040947304,,,,,,,,,,,,,,,,,,,,,,,0.706853077,1.040947304,,,,,,,,,,,,,,,,,,,,,,
9/27/2021,https://www.benzinga.com/markets/cryptocurrency/21/09/23117742/rich-dad-poor-dad-author-robert-kiyosaky-on-why-jeff-bezos-is-taking-on-elon-musk,-1.146612375,-0.987361908,1.16128885,1,1.16128885,,,,,,,,,,,,,,,,,,,,,,,,1.16128885,,,,,,,,,,,,,,,,,,,,,,,
9/27/2021,http://feeds.benzinga.com/~r/benzinga/news/management/~3/wIntBTfa-cw/pushpay-adds-experienced-growth-executives-sumita-pandit-and-john-m-connolly-to-its-board-of-direc,0.719168776,0.9976376,0.722053751,2,0.137302249,1.306805253,,,,,,,,,,,,,,,,,,,,,,,0.137302249,1.306805253,,,,,,,,,,,,,,,,,,,,,,
9/28/2021,https://www.zacks.com/stock/news/1801818/telefonica-tef-enters-into-cloud-native-agreement-with-oracle,-0.110243848,-0.982522488,0.112204911,1,0.112204911,,,,,,,,,,,,,,,,,,,,,,,,0.112204911,,,,,,,,,,,,,,,,,,,,,,,
9/28/2021,https://www.fool.com/investing/2021/09/28/will-palantir-be-worth-more-than-ibm-by-2025/,-0.033475475,-0.943731159,0.035500813,4,0.032663681,0.035481271,0.035647588,0.03821071,,,,,,,,,,,,,,,,,,,,,0.032663681,0.035481271,0.035647588,0.03821071,,,,,,,,,,,,,,,,,,,,
9/29/2021,https://www.fool.com/investing/2021/09/30/defense-giant-hidden-gem-best-dividend-stock/,-2.766745492,-0.905526161,3.055400949,1,3.055400949,,,,,,,,,,,,,,,,,,,,,,,,3.055400949,,,,,,,,,,,,,,,,,,,,,,,
9/30/2021,https://www.fool.com/investing/2021/09/30/ibm-kyndryl-spin-off/,-0.21343816,-0.939834461,0.215625498,4,0.032628227,0.034436897,0.118348006,0.677088862,,,,,,,,,,,,,,,,,,,,,0.032628227,0.034436897,0.118348006,0.677088862,,,,,,,,,,,,,,,,,,,,
9/30/2021,http://feeds.benzinga.com/~r/benzinga/news/~3/jqQcQraRZFc/fresche-solutions-acquires-abacus-becomes-the-worlds-first-ibm-i-cloud-managed-services-and-applic,0.705124401,0.999450445,0.705378533,3,0.036443097,1.962298557,0.117393946,,,,,,,,,,,,,,,,,,,,,,0.036443097,1.962298557,0.117393946,,,,,,,,,,,,,,,,,,,,,
10/1/2021,https://www.benzinga.com/analyst-ratings/analyst-color/21/10/23190432/jefferies-initiates-ibm-with-buy-rating-read-why,0.309398806,0.97331357,0.31788194,1,0.31788194,,,,,,,,,,,,,,,,,,,,,,,,0.31788194,,,,,,,,,,,,,,,,,,,,,,,
10/4/2021,https://www.fool.com/investing/2021/10/04/oktas-addressable-market-is-only-getting-bigger/,-0.025486832,-0.990191698,0.02573929,1,0.02573929,,,,,,,,,,,,,,,,,,,,,,,,0.02573929,,,,,,,,,,,,,,,,,,,,,,,
10/4/2021,https://www.marketscreener.com/quote/stock/INTERNATIONAL-BUSINESS-MA-4828/news/International-Business-Machines-IBM-to-Update-Management-System-and-Reporting-Segments-36595622/?utm_medium=RSS&utm_content=20211004,-0.019555442,-0.212491959,0.04601823,6,0.028064089,0.034542241,0.034471841,0.12290303,0.028064089,0.028064089,,,,,,,,,,,,,,,,,,,0.028064089,0.034542241,0.034471841,0.12290303,0.028064089,0.028064089,,,,,,,,,,,,,,,,,,
10/4/2021,https://www.zacks.com/stock/news/1804897/ibm-ibm-gains-as-market-dips-what-you-should-know,1.416468294,0.931950092,1.519277787,2,1.481165939,1.557389634,,,,,,,,,,,,,,,,,,,,,,,1.481165939,1.557389634,,,,,,,,,,,,,,,,,,,,,,
10/5/2021,https://newsheater.com/2021/10/05/is-there-a-dimmer-outlook-ahead-for-international-business-machines-corporation-ibm-5/,-0.136486174,-0.977117464,0.139940097,4,0.199849398,0.298993253,0.033944453,0.026973284,,,,,,,,,,,,,,,,,,,,,0.199849398,0.298993253,0.033944453,0.026973284,,,,,,,,,,,,,,,,,,,,
10/5/2021,https://www.fool.com/investing/2021/10/05/the-new-ibm-revenue-growth-more-free-cash-flow-and/,0.002198254,-0.333942691,0.048439617,6,0.032604663,0.034463233,0.027890689,0.120676691,0.037158063,0.03784436,,,,,,,,,,,,,,,,,,,0.032604663,0.034463233,0.027890689,0.120676691,0.037158063,0.03784436,,,,,,,,,,,,,,,,,,
10/5/2021,http://feeds.benzinga.com/~r/benzinga/news/m-a/~3/6IVhXUb3LVk/automotive-blockchain-market-worth-usd-5-68-billion-by-2030-registering-a-cagr-of-33-56-report-by-,0.138294355,0.993059278,0.139260926,1,0.139260926,,,,,,,,,,,,,,,,,,,,,,,,0.139260926,,,,,,,,,,,,,,,,,,,,,,,
10/5/2021,http://feeds.benzinga.com/~r/benzinga/economics/~3/Vi6EhBz4kBI/global-insights-on-telecoms-consulting-market-estimated-around-usd-6-420-million-by-2025-facts-fac,0.015966833,0.577844858,0.027631696,1,0.027631696,,,,,,,,,,,,,,,,,,,,,,,,0.027631696,,,,,,,,,,,,,,,,,,,,,,,
10/5/2021,https://www.fool.com/investing/2021/10/05/things-investors-must-know-ibm-kyndryl-spin-off/,-0.006271581,-0.664682011,0.046838157,6,0.032651815,0.121903351,0.026497883,0.02643576,0.036576077,0.036964056,,,,,,,,,,,,,,,,,,,0.032651815,0.121903351,0.026497883,0.02643576,0.036576077,0.036964056,,,,,,,,,,,,,,,,,,
10/6/2021,https://zacks-cdn.zacks.com/stock/quote/ibm/income-statement,0.880640595,0.988692403,0.890712412,1,0.890712412,,,,,,,,,,,,,,,,,,,,,,,,0.890712412,,,,,,,,,,,,,,,,,,,,,,,
10/6/2021,https://www.zacks.com/stock/news/1806150/equinix-eqix-expands-support-for-kubernetes-on-equinix-metal,0.024732836,0.997092962,0.024804945,1,0.024804945,,,,,,,,,,,,,,,,,,,,,,,,0.024804945,,,,,,,,,,,,,,,,,,,,,,,
10/7/2021,https://www.fool.com/investing/2021/10/07/where-will-ibm-be-in-3-years/,-0.069423835,-0.997098486,0.069735915,3,0.036196863,0.135312246,0.037698637,,,,,,,,,,,,,,,,,,,,,,0.036196863,0.135312246,0.037698637,,,,,,,,,,,,,,,,,,,,,
10/7/2021,https://www.zacks.com/stock/news/1807456/ibm-to-manage-finance-procurement-for-honda-in-europe,0.111460856,0.960678756,0.116065101,2,0.117654261,0.114475941,,,,,,,,,,,,,,,,,,,,,,,0.117654261,0.114475941,,,,,,,,,,,,,,,,,,,,,,
10/7/2021,http://feeds.benzinga.com/~r/benzinga/news/management/~3/bie09UA-47o/customer-relationship-management-crm-market-worth-usd-128-97-billion-at-12-1-cagr-by-2028-owing-to,-0.026846839,-0.992430627,0.027051603,1,0.027051603,,,,,,,,,,,,,,,,,,,,,,,,0.027051603,,,,,,,,,,,,,,,,,,,,,,,
10/7/2021,https://www.fool.com/investing/2021/10/07/3-robinhood-dividend-stocks-to-buy-in-october/,0.114118091,0.999114454,0.114219237,1,0.114219237,,,,,,,,,,,,,,,,,,,,,,,,0.114219237,,,,,,,,,,,,,,,,,,,,,,,
10/8/2021,http://feeds.benzinga.com/~r/benzinga/tech/~3/iAGBoB-zn10/on-the-edge-edge-computing-is-powering-a-new-generation-of-delivery-visibility,-0.025296803,-0.960933328,0.026325243,1,0.026325243,,,,,,,,,,,,,,,,,,,,,,,,0.026325243,,,,,,,,,,,,,,,,,,,,,,,
10/9/2021,https://www.marketwatch.com/story/the-return-of-jedi-sequel-to-military-cloud-contract-will-be-much-more-complex-11633640142,0.008856413,0.268984199,0.028440898,3,0.027432082,0.026357988,0.031532623,,,,,,,,,,,,,,,,,,,,,,0.027432082,0.026357988,0.031532623,,,,,,,,,,,,,,,,,,,,,
10/9/2021,https://www.fool.com/investing/2021/10/09/what-is-machine-learning/,-0.941237116,-0.83023119,1.133704837,1,1.133704837,,,,,,,,,,,,,,,,,,,,,,,,1.133704837,,,,,,,,,,,,,,,,,,,,,,,
10/9/2021,https://www.fool.com/investing/2021/10/09/google-is-still-pioneering-artificial-intelligence/,0.836257559,0.758718729,1.102197069,1,1.102197069,,,,,,,,,,,,,,,,,,,,,,,,1.102197069,,,,,,,,,,,,,,,,,,,,,,,
10/11/2021,http://feeds.benzinga.com/~r/benzinga/news/management/~3/pCNpzu6NxCc/data-storage-corporation-announces-appointment-of-kristi-cates-as-director-of-marketing-and-ed-gro,0.593369585,0.98013562,0.595976254,2,1.082023673,0.109928836,,,,,,,,,,,,,,,,,,,,,,,1.082023673,0.109928836,,,,,,,,,,,,,,,,,,,,,,
10/11/2021,https://www.benzinga.com/news/21/10/23321933/ibm-raytheon-intend-to-develop-artificial-intelligence-cryptographic-quantum-solutions,-0.197196121,-0.994452655,0.198296138,1,0.198296138,,,,,,,,,,,,,,,,,,,,,,,,0.198296138,,,,,,,,,,,,,,,,,,,,,,,
10/11/2021,https://www.zacks.com/stock/news/1809024/what-lies-ahead-for-dow-etfs-in-q3-earnings,0.030723791,-0.08938548,0.067792418,2,0.108352199,0.027232637,,,,,,,,,,,,,,,,,,,,,,,0.108352199,0.027232637,,,,,,,,,,,,,,,,,,,,,,
10/11/2021,https://www.zacks.com/stock/news/1809476/earnings-preview-ibm-ibm-q3-earnings-expected-to-decline,-0.265574412,-0.993187924,0.266658132,3,0.734562743,0.033867665,0.031543988,,,,,,,,,,,,,,,,,,,,,,0.734562743,0.033867665,0.031543988,,,,,,,,,,,,,,,,,,,,,
10/11/2021,https://www.zacks.com/stock/news/1809503/ibm-ibm-stock-moves--055-what-you-should-know,-0.042317707,-0.02187252,1.471284154,2,1.481745425,1.460822883,,,,,,,,,,,,,,,,,,,,,,,1.481745425,1.460822883,,,,,,,,,,,,,,,,,,,,,,
10/12/2021,http://feeds.benzinga.com/~r/benzinga/news/m-a/~3/iS0A5ga3D1U/internet-of-things-iot-in-healthcare-market-worth-usd-446-52-billion-at-25-9-cagr-by-2028-owing-to,-0.026697179,-0.985714316,0.027084094,1,0.027084094,,,,,,,,,,,,,,,,,,,,,,,,0.027084094,,,,,,,,,,,,,,,,,,,,,,,
10/12/2021,http://feeds.benzinga.com/~r/benzinga/markets/commodities/~3/TXcOSz0C-10/ibm-unveils-ai-driven-software-for-environmental-intelligence-helping-businesses-address-sustainab,0.004698003,0.113143361,0.034529553,5,0.032522351,0.034965519,0.034817068,0.037761744,0.032581083,,,,,,,,,,,,,,,,,,,,0.032522351,0.034965519,0.034817068,0.037761744,0.032581083,,,,,,,,,,,,,,,,,,,
10/13/2021,https://news.yahoo.com/11-best-quantum-computing-stocks-150130785.html,1.7229747,0.974103004,1.746519338,2,3.274649329,0.218389348,,,,,,,,,,,,,,,,,,,,,,,3.274649329,0.218389348,,,,,,,,,,,,,,,,,,,,,,
10/13/2021,https://finance.yahoo.com/news/ibm-board-approves-kyndryl-separation-102649446.html,-0.179833642,-0.994059583,0.180844805,3,0.025055329,0.300974726,0.21650436,,,,,,,,,,,,,,,,,,,,,,0.025055329,0.300974726,0.21650436,,,,,,,,,,,,,,,,,,,,,
10/13/2021,http://feeds.benzinga.com/~r/benzinga/news/m-a/~3/-RwjtYY_JlE/energy-management-system-market-worth-41-97-bn-at-9-9-cagr-top-companies-such-as-honeywell-and-eat,-0.041233821,0.013562381,0.068977114,2,0.111946474,0.026007755,,,,,,,,,,,,,,,,,,,,,,,0.111946474,0.026007755,,,,,,,,,,,,,,,,,,,,,,
10/14/2021,https://www.marketwatch.com/story/why-amazon-and-microsoft-wont-have-a-stranglehold-on-cloud-computing-forever-11634222741,-0.076347717,-0.778692842,0.082512895,2,0.027299024,0.137726766,,,,,,,,,,,,,,,,,,,,,,,0.027299024,0.137726766,,,,,,,,,,,,,,,,,,,,,,
10/14/2021,http://feeds.benzinga.com/~r/benzinga/economics/~3/Oyjoe-Z4oxs/global-revenue-of-cloud-gaming-market-size-share-will-surpass-usd-3-256-7-million-by-2026-facts-fa,-0.027068185,-0.970603526,0.027887993,1,0.027887993,,,,,,,,,,,,,,,,,,,,,,,,0.027887993,,,,,,,,,,,,,,,,,,,,,,,
10/14/2021,http://feeds.benzinga.com/~r/benzinga/news/management/~3/Wk_6dfjypWY/devops-market-worth-usd-14-969-6-million-by-2026-at-19-1-cagr-increasing-demand-for-client-satisfa,0.614038653,0.004395515,0.645140025,2,0.027769187,1.262510862,,,,,,,,,,,,,,,,,,,,,,,0.027769187,1.262510862,,,,,,,,,,,,,,,,,,,,,,
10/14/2021,https://www.tickerreport.com/banking-finance/7982609/brokerages-set-international-business-machines-co-nyseibm-pt-at-153-75.html,-0.459358543,-0.584668418,0.649880941,18,1.553422246,4.133407094,0.115318949,3.505990142,0.027736405,0.129694912,0.026925091,0.027416077,0.027184741,0.02777056,0.120498834,0.0387391,0.038958222,0.039014789,0.039028878,0.037788096,1.780881025,0.02808178,,,,,,,1.553422246,4.133407094,0.115318949,3.505990142,0.027736405,0.129694912,0.026925091,0.027416077,0.027184741,0.02777056,0.120498834,0.0387391,0.038958222,0.039014789,0.039028878,0.037788096,1.780881025,0.02808178,,,,,,
10/15/2021,https://www.fool.com/investing/2021/10/15/where-is-ibm-headed-following-its-kyndryl-spinoff/,-0.020905636,-0.590020537,0.035706355,4,0.034419334,0.035862948,0.036433266,0.036109869,,,,,,,,,,,,,,,,,,,,,0.034419334,0.035862948,0.036433266,0.036109869,,,,,,,,,,,,,,,,,,,,
10/15/2021,https://www.fool.com/investing/2021/10/15/better-it-services-stock-accenture-vs-globant/,0.03392161,0.992335975,0.034183594,1,0.034183594,,,,,,,,,,,,,,,,,,,,,,,,0.034183594,,,,,,,,,,,,,,,,,,,,,,,
10/17/2021,https://www.investing.com/analysis/1-stock-to-buy-1-to-dump-when-markets-open-coinbase-att-200605306,0.100389863,0.870799184,0.115284747,1,0.115284747,,,,,,,,,,,,,,,,,,,,,,,,0.115284747,,,,,,,,,,,,,,,,,,,,,,,
10/18/2021,https://www.zacks.com/stock/news/1811659/ibm-gears-up-to-report-q3-earnings-whats-in-the-offing,-0.004226282,-0.198284368,0.033146179,3,0.035568711,0.03618471,0.027685115,,,,,,,,,,,,,,,,,,,,,,0.035568711,0.03618471,0.027685115,,,,,,,,,,,,,,,,,,,,,
10/18/2021,https://www.marketwatch.com/story/ibm-earnings-are-about-to-change-and-could-be-messy-here-is-what-you-need-to-know-11634331524,-0.148016719,-0.994837746,0.149379195,4,0.034489498,0.300582971,0.033918889,0.228525422,,,,,,,,,,,,,,,,,,,,,0.034489498,0.300582971,0.033918889,0.228525422,,,,,,,,,,,,,,,,,,,,
10/18/2021,https://www.marketwatch.com/story/the-dow-is-on-track-for-its-best-october-in-6-years-and-third-quarter-earnings-are-strong-so-far-what-could-go-wrong-11634405448,-0.113878335,-0.982678235,0.11588568,1,0.11588568,,,,,,,,,,,,,,,,,,,,,,,,0.11588568,,,,,,,,,,,,,,,,,,,,,,,
10/18/2021,https://www.zacks.com/stock/news/1811725/hybrid-cloud-and-gbs-in-focus-ahead-of-ibms-q3-earnings,7.29E-05,0.001682192,0.036725712,2,0.036736926,0.036714498,,,,,,,,,,,,,,,,,,,,,,,0.036736926,0.036714498,,,,,,,,,,,,,,,,,,,,,,
10/18/2021,https://www.marketwatch.com/story/netflix-and-tesla-will-look-to-buck-the-earnings-slowdown-trend-11634501655,-0.130136836,-0.987070024,0.13059517,2,0.234362223,0.026828117,,,,,,,,,,,,,,,,,,,,,,,0.234362223,0.026828117,,,,,,,,,,,,,,,,,,,,,,
10/18/2021,https://www.benzinga.com/short-sellers/21/10/23427531/why-jim-chanos-is-still-short-tesla-and-this-tech-stock-thats-up-15-ytd,-0.19074838,-0.989123285,0.19284591,1,0.19284591,,,,,,,,,,,,,,,,,,,,,,,,0.19284591,,,,,,,,,,,,,,,,,,,,,,,
10/18/2021,https://www.investing.com/analysis/sp-500-earnings-so-far-so-good-but-wait-for-the-upcoming-big-5-week-200605337,-0.155620629,-0.959381044,0.167260168,2,0.035217504,0.299302831,,,,,,,,,,,,,,,,,,,,,,,0.035217504,0.299302831,,,,,,,,,,,,,,,,,,,,,,
10/18/2021,https://www.marketwatch.com/story/wall-street-set-for-weaker-start-after-china-data-11634550249,0.024264897,0.959397137,0.025291817,1,0.025291817,,,,,,,,,,,,,,,,,,,,,,,,0.025291817,,,,,,,,,,,,,,,,,,,,,,,
10/20/2021,https://www.wsj.com/articles/ibms-sales-hit-by-slower-client-spending-lower-than-expected-cloud-revenue-11634770776?mod=flipboard,-0.027684471,-0.999454558,0.02769958,1,0.02769958,,,,,,,,,,,,,,,,,,,,,,,,0.02769958,,,,,,,,,,,,,,,,,,,,,,,
10/20/2021,https://www.nasdaq.com/articles/ibm-ibm-q3-earnings%3A-what-to-expect-2021-10-20,-0.100034543,-0.182735056,0.129977129,2,0.03622343,0.223730828,,,,,,,,,,,,,,,,,,,,,,,0.03622343,0.223730828,,,,,,,,,,,,,,,,,,,,,,
10/20/2021,http://feeds.benzinga.com/~r/benzinga/markets/futures/~3/VMbDDiyJRZA/a-peek-into-the-markets-us-stock-futures-flat-ahead-of-earnings-feds-beige-book-report,-0.024932441,-0.99850595,0.024969747,1,0.024969747,,,,,,,,,,,,,,,,,,,,,,,,0.024969747,,,,,,,,,,,,,,,,,,,,,,,
10/20/2021,https://www.marketwatch.com/story/heres-what-legendary-investor-bill-miller-said-in-his-final-investment-letter-11634726930,-0.312786765,-0.99518317,0.314300698,1,0.314300698,,,,,,,,,,,,,,,,,,,,,,,,0.314300698,,,,,,,,,,,,,,,,,,,,,,,
10/20/2021,https://www.benzinga.com/news/earnings/21/10/23457035/a-peek-into-the-markets-us-stock-futures-flat-ahead-of-earnings-fed-minutes,-0.024932441,-0.99850595,0.024969747,1,0.024969747,,,,,,,,,,,,,,,,,,,,,,,,0.024969747,,,,,,,,,,,,,,,,,,,,,,,
10/20/2021,https://www.fool.com/investing/2021/10/20/why-ibm-non-gaap-reporting-isnt-as-bad-as-people/,-0.03357339,-0.944013798,0.035615405,5,0.035495216,0.034568859,0.035529633,0.036557485,0.035925831,,,,,,,,,,,,,,,,,,,,0.035495216,0.034568859,0.035529633,0.036557485,0.035925831,,,,,,,,,,,,,,,,,,,
10/20/2021,https://www.zacks.com/stock/news/1813754/ibm-ibm-q3-earnings-top-estimates,-1.814145776,-0.988156259,1.835774298,2,1.880780315,1.790768281,,,,,,,,,,,,,,,,,,,,,,,1.880780315,1.790768281,,,,,,,,,,,,,,,,,,,,,,
10/20/2021,https://www.zacks.com/stock/news/1813826/markets-mostly-higher-tsla-ibm-csx-after-the-bell,-0.002936129,-0.151241958,0.029260714,2,0.031022674,0.027498753,,,,,,,,,,,,,,,,,,,,,,,0.031022674,0.027498753,,,,,,,,,,,,,,,,,,,,,,
10/20/2021,https://www.benzinga.com/general/education/21/10/23463223/this-day-in-market-history-dow-gains-5-8-in-black-monday-rebound,-0.030988454,-0.999257147,0.031011491,1,0.031011491,,,,,,,,,,,,,,,,,,,,,,,,0.031011491,,,,,,,,,,,,,,,,,,,,,,,
10/20/2021,https://www.cnbc.com/2021/10/20/stocks-making-the-biggest-moves-after-hours-ibm-csx-tesla-lam-research-more.html,-0.033476936,-0.998625875,0.033523001,1,0.033523001,,,,,,,,,,,,,,,,,,,,,,,,0.033523001,,,,,,,,,,,,,,,,,,,,,,,
10/20/2021,https://www.fool.com/investing/2021/10/20/enterprise-software-video-software-and-more/,-0.031441913,-0.99819392,0.031498803,1,0.031498803,,,,,,,,,,,,,,,,,,,,,,,,0.031498803,,,,,,,,,,,,,,,,,,,,,,,
10/20/2021,https://www.investing.com/analysis/bitcoin-mania-grips-the-stock-market-200605664,-0.031698699,-0.997912228,0.031765017,1,0.031765017,,,,,,,,,,,,,,,,,,,,,,,,0.031765017,,,,,,,,,,,,,,,,,,,,,,,
10/21/2021,https://www.benzinga.com/news/earnings/21/10/23479441/5-stocks-to-watch-for-october-21-2021,-0.034478355,-0.999449551,0.034497345,1,0.034497345,,,,,,,,,,,,,,,,,,,,,,,,0.034497345,,,,,,,,,,,,,,,,,,,,,,,
10/21/2021,https://www.benzinga.com/news/earnings/21/10/23489888/economic-reports-reflect-labor-shortages-and-moderate-economic-growth,-0.115463,-0.998430312,0.115644526,1,0.115644526,,,,,,,,,,,,,,,,,,,,,,,,0.115644526,,,,,,,,,,,,,,,,,,,,,,,
10/21/2021,https://www.fool.com/investing/2021/10/21/why-ibm-stock-plunged-today/,-0.049300035,-0.166281402,0.078806484,2,0.12232632,0.035286649,,,,,,,,,,,,,,,,,,,,,,,0.12232632,0.035286649,,,,,,,,,,,,,,,,,,,,,,
10/21/2021,https://invezz.com/news/2021/10/21/is-it-too-late-to-sell-ibm-as-shares-slump-on-mixed-q3-results/,-0.393360489,-0.943112552,0.428611881,2,0.231437057,0.625786705,,,,,,,,,,,,,,,,,,,,,,,0.231437057,0.625786705,,,,,,,,,,,,,,,,,,,,,,
10/21/2021,https://news.alphastreet.com/international-business-machines-corporation-ibm-q3-2021-earnings-call-transcript/,-0.017021508,0.170813461,0.127681323,24,0.305369601,0.116292618,0.118941633,0.03115222,0.031238523,0.108249521,0.107879261,0.226796525,0.131291692,0.034904723,0.033490873,0.035715407,0.025934238,0.215684075,0.026024019,0.549304485,0.033532371,0.215436896,0.115958982,0.299745003,0.223501711,0.025994023,0.025994023,0.025919334,0.305369601,0.116292618,0.118941633,0.03115222,0.031238523,0.108249521,0.107879261,0.226796525,0.131291692,0.034904723,0.033490873,0.035715407,0.025934238,0.215684075,0.026024019,0.549304485,0.033532371,0.215436896,0.115958982,0.299745003,0.223501711,0.025994023,0.025994023,0.025919334
10/21/2021,https://www.benzinga.com/general/education/21/10/23492147/is-ibms-stock-stock-overvalued-or-undervalued,-0.158883159,-0.948768348,0.174803526,2,0.037187462,0.31241959,,,,,,,,,,,,,,,,,,,,,,,0.037187462,0.31241959,,,,,,,,,,,,,,,,,,,,,,
10/21/2021,https://www.marketwatch.com/story/ibm-stock-drops-5-after-revenue-miss-in-line-earnings-11634761265,-0.066938801,-0.998329858,0.067056518,3,0.032428414,0.026654164,0.142086978,,,,,,,,,,,,,,,,,,,,,,0.032428414,0.026654164,0.142086978,,,,,,,,,,,,,,,,,,,,,
10/21/2021,https://www.zacks.com/stock/news/1814170/ibm-misses-on-q3-revenues-etfs-in-focus,-0.72838358,-0.977250665,0.739107721,4,1.418807918,0.195592153,0.139290886,1.202739926,,,,,,,,,,,,,,,,,,,,,1.418807918,0.195592153,0.139290886,1.202739926,,,,,,,,,,,,,,,,,,,,
10/21/2021,https://www.benzinga.com/news/earnings/21/10/23485862/why-ibm-shares-are-falling-today,-0.225826647,-0.989037871,0.228329626,1,0.228329626,,,,,,,,,,,,,,,,,,,,,,,,0.228329626,,,,,,,,,,,,,,,,,,,,,,,
10/21/2021,https://www.benzinga.com/news/earnings/21/10/23480145/a-peek-into-the-markets-us-stock-futures-down-ahead-of-earnings-jobless-claims-data,-0.031689919,-0.997635841,0.031765017,1,0.031765017,,,,,,,,,,,,,,,,,,,,,,,,0.031765017,,,,,,,,,,,,,,,,,,,,,,,
10/21/2021,https://www.marketwatch.com/story/u-s-stock-futures-consolidate-after-lurching-toward-new-record-high-11634808751,-0.657241247,-0.993569493,0.661494995,1,0.661494995,,,,,,,,,,,,,,,,,,,,,,,,0.661494995,,,,,,,,,,,,,,,,,,,,,,,
10/21/2021,https://www.cnbc.com/2021/10/21/stocks-making-the-biggest-moves-before-the-bell-att-ibm-crocs-blackstone-more.html,-0.422775628,-0.960886002,0.453424393,2,0.031822106,0.875026679,,,,,,,,,,,,,,,,,,,,,,,0.031822106,0.875026679,,,,,,,,,,,,,,,,,,,,,,
10/21/2021,https://invezz.com/news/2021/10/21/josh-brown-cant-find-anything-good-to-say-about-this-stock/,-1.315467362,-0.999481976,1.316149159,1,1.316149159,,,,,,,,,,,,,,,,,,,,,,,,1.316149159,,,,,,,,,,,,,,,,,,,,,,,
10/21/2021,https://www.benzinga.com/general/education/21/10/23492147/is-ibms-stock-overvalued-or-undervalued,-0.158883159,-0.948768348,0.174803526,2,0.037187462,0.31241959,,,,,,,,,,,,,,,,,,,,,,,0.037187462,0.31241959,,,,,,,,,,,,,,,,,,,,,,
10/21/2021,https://www.fool.com/earnings/call-transcripts/2021/10/20/ibm-ibm-q3-2021-earnings-call-transcript/,0.089287025,0.194588293,0.192209353,22,0.037038776,0.117542609,0.118508172,0.031109248,0.031260174,0.108684717,0.267495501,0.276596497,0.116460226,0.033649114,0.034870992,0.222418576,0.221255379,0.552922884,0.03355732,0.218999936,0.304889393,0.214879828,0.109820027,0.222098341,0.216239699,0.738308352,,,0.037038776,0.117542609,0.118508172,0.031109248,0.031260174,0.108684717,0.267495501,0.276596497,0.116460226,0.033649114,0.034870992,0.222418576,0.221255379,0.552922884,0.03355732,0.218999936,0.304889393,0.214879828,0.109820027,0.222098341,0.216239699,0.738308352,,
10/21/2021,https://www.benzinga.com/pressreleases/21/10/n23488572/thinking-about-trading-options-or-stock-in-tesla-paypal-pinterest-ibm-or-csx-corp,-0.028580794,-0.950240731,0.029974354,2,0.032161949,0.027786758,,,,,,,,,,,,,,,,,,,,,,,0.032161949,0.027786758,,,,,,,,,,,,,,,,,,,,,,
10/21/2021,https://www.marketwatch.com/story/next-year-will-be-tricky-for-stockholders-so-follow-this-road-map-says-rbcs-top-strategist-lori-calvasina-11634815172,-0.031551775,-0.996085167,0.03167578,1,0.03167578,,,,,,,,,,,,,,,,,,,,,,,,0.03167578,,,,,,,,,,,,,,,,,,,,,,,
10/22/2021,https://ca.news.yahoo.com/ibm-nyse-ibm-may-offer-172553227.html,-0.581075678,-0.99241215,0.584162327,4,0.035851535,0.121379411,0.541928822,1.637489541,,,,,,,,,,,,,,,,,,,,,0.035851535,0.121379411,0.541928822,1.637489541,,,,,,,,,,,,,,,,,,,,
10/22/2021,https://www.zacks.com/stock/news/1814964/stock-market-news-for-oct-22-2021,-0.028011999,-0.997927467,0.028071728,3,0.031576776,0.024902681,0.027735727,,,,,,,,,,,,,,,,,,,,,,0.031576776,0.024902681,0.027735727,,,,,,,,,,,,,,,,,,,,,
10/23/2021,https://www.tickerreport.com/banking-finance/8013285/international-business-machines-nyseibm-shares-gap-down-following-analyst-downgrade.html,-0.469524932,-0.589583115,0.660363996,18,1.548445932,4.128565416,0.115318949,3.506365998,0.027719359,0.327849085,0.026925091,0.027416077,0.027184741,0.02777056,0.120498834,0.0387391,0.038958222,0.039014789,0.039028878,0.037788096,1.780881025,0.02808178,,,,,,,1.548445932,4.128565416,0.115318949,3.506365998,0.027719359,0.327849085,0.026925091,0.027416077,0.027184741,0.02777056,0.120498834,0.0387391,0.038958222,0.039014789,0.039028878,0.037788096,1.780881025,0.02808178,,,,,,
10/23/2021,https://www.marketwatch.com/story/globalfoundries-ipo-5-things-to-know-about-the-chip-company-going-public-in-a-semiconductor-shortage-11634834944,-0.065365632,-0.863432765,0.069830279,2,0.108477019,0.03118354,,,,,,,,,,,,,,,,,,,,,,,0.108477019,0.03118354,,,,,,,,,,,,,,,,,,,,,,
10/24/2021,https://www.marketscreener.com/quote/stock/INTERNATIONAL-BUSINESS-MA-4828/news/International-Business-Machines-IBM-Board-of-Directors-Approves-Separation-of-Kyndryl-36761771/?utm_medium=RSS&utm_content=20211023,-0.053261365,-0.537443072,0.067807174,6,0.028064068,0.032675336,0.036167642,0.253807864,0.028064068,0.028064068,,,,,,,,,,,,,,,,,,,0.028064068,0.032675336,0.036167642,0.253807864,0.028064068,0.028064068,,,,,,,,,,,,,,,,,,
10/24/2021,https://www.fool.com/investing/2021/10/24/3-tech-stocks-you-should-own-this-earnings-season/,-0.446458446,-0.922505945,0.502196132,2,0.227229148,0.777163117,,,,,,,,,,,,,,,,,,,,,,,0.227229148,0.777163117,,,,,,,,,,,,,,,,,,,,,,
10/25/2021,https://www.zacks.com/stock/news/1815862/new-strong-sell-stocks-for-october-25th,-0.026847148,-0.997963667,0.026902567,2,0.026188977,0.027616157,,,,,,,,,,,,,,,,,,,,,,,0.026188977,0.027616157,,,,,,,,,,,,,,,,,,,,,,
10/25/2021,https://marketingsentinel.com/2021/10/25/international-business-machines-corporation-nyse-ibm-surprised-bears-looks-healthy-going-forward/,-0.080537185,-0.994105577,0.081455496,4,0.035074134,0.034245009,0.222626493,0.033876346,,,,,,,,,,,,,,,,,,,,,0.035074134,0.034245009,0.222626493,0.033876346,,,,,,,,,,,,,,,,,,,,
10/25/2021,https://www.fool.com/investing/2021/10/25/is-ibm-stock-a-buy/,-0.503361469,-0.597643447,0.52407058,5,0.032699223,0.035551212,0.800683834,1.713630357,0.037788276,,,,,,,,,,,,,,,,,,,,0.032699223,0.035551212,0.800683834,1.713630357,0.037788276,,,,,,,,,,,,,,,,,,,
10/26/2021,https://www.fool.com/investing/2021/10/26/stocks-moved-market-last-week-snap-ibm-paypal/,-0.032380153,-0.998307794,0.032433843,2,0.027821656,0.03704603,,,,,,,,,,,,,,,,,,,,,,,0.027821656,0.03704603,,,,,,,,,,,,,,,,,,,,,,
10/26/2021,https://www.fool.com/investing/2021/10/26/the-right-and-wrong-reasons-for-facebook-to-change/,-0.158914568,-0.288000166,0.245659191,5,0.428528092,0.031270715,0.031205809,0.192009011,0.545282327,,,,,,,,,,,,,,,,,,,,0.428528092,0.031270715,0.031205809,0.192009011,0.545282327,,,,,,,,,,,,,,,,,,,
10/26/2021,https://www.nasdaq.com/articles/winnebago-ibm-facebook-and-petmed-express-highlighted-as-zacks-bull-and-bear-of-the-day,-0.424224964,-0.505563989,0.698613478,4,0.552291419,1.465498124,0.033800045,0.742864324,,,,,,,,,,,,,,,,,,,,,0.552291419,1.465498124,0.033800045,0.742864324,,,,,,,,,,,,,,,,,,,,
10/26/2021,http://feeds.benzinga.com/~r/benzinga/economics/~3/frwFMgSZ1_A/global-blockchain-in-supply-chain-market-projected-to-garner-14-884-4-million-revenue-by-2028-and-,0.631691493,0.99013257,0.637986782,1,0.637986782,,,,,,,,,,,,,,,,,,,,,,,,0.637986782,,,,,,,,,,,,,,,,,,,,,,,
10/26/2021,https://www.zacks.com/stock/news/1816817/will-solid-aws-momentum-aid-amazons-amzn-q3-earnings,0.03791134,-0.009679943,0.06668501,2,0.105686057,0.027683962,,,,,,,,,,,,,,,,,,,,,,,0.105686057,0.027683962,,,,,,,,,,,,,,,,,,,,,,
10/26/2021,https://www.entrepreneur.com/article/393340,-0.886869052,-0.978098422,0.901500785,2,1.142102017,0.660899554,,,,,,,,,,,,,,,,,,,,,,,1.142102017,0.660899554,,,,,,,,,,,,,,,,,,,,,,
10/27/2021,https://invezz.com/news/2021/10/27/stephanie-link-this-struggling-tech-firm-could-be-like-microsoft/,-0.562316297,-0.998133957,0.563367565,1,0.563367565,,,,,,,,,,,,,,,,,,,,,,,,0.563367565,,,,,,,,,,,,,,,,,,,,,,,
10/27/2021,http://feeds.benzinga.com/~r/benzinga/news/management/~3/CkhVltLj1T0/rubrik-names-scott-herren-to-its-board-of-directors,0.025578566,0.998860121,0.025607756,1,0.025607756,,,,,,,,,,,,,,,,,,,,,,,,0.025607756,,,,,,,,,,,,,,,,,,,,,,,
10/28/2021,https://www.investing.com/analysis/apple-amazon-on-deck-as-big-techs-big-week-is-a-bit-mixed-200606662,0.531757158,0.77169323,0.689078428,1,0.689078428,,,,,,,,,,,,,,,,,,,,,,,,0.689078428,,,,,,,,,,,,,,,,,,,,,,,
10/28/2021,https://www.tickerreport.com/banking-finance/8033248/international-business-machines-co-nyseibm-declares-1-64-quarterly-dividend.html,-0.405707594,-0.58987138,0.595136409,18,1.547619742,0.031688474,3.040045477,3.506365998,0.027719359,0.327849085,0.026925091,0.027416077,0.027184741,0.02777056,0.120498834,0.0387391,0.038958222,0.039014789,0.039028878,0.037788096,1.779761058,0.02808178,,,,,,,1.547619742,0.031688474,3.040045477,3.506365998,0.027719359,0.327849085,0.026925091,0.027416077,0.027184741,0.02777056,0.120498834,0.0387391,0.038958222,0.039014789,0.039028878,0.037788096,1.779761058,0.02808178,,,,,,
10/28/2021,https://www.benzinga.com/news/earnings/21/10/23708942/market-breadth-could-be-a-liability-as-stocks-struggle-to-maintain-highs,0.402842171,0.584610045,0.689078428,1,0.689078428,,,,,,,,,,,,,,,,,,,,,,,,0.689078428,,,,,,,,,,,,,,,,,,,,,,,
10/29/2021,https://www.benzinga.com/general/education/21/10/23714440/5-things-you-might-not-know-about-apple-ceo-tim-cook,1.12886202,0.996220529,1.133144707,1,1.133144707,,,,,,,,,,,,,,,,,,,,,,,,1.133144707,,,,,,,,,,,,,,,,,,,,,,,
10/29/2021,https://www.investing.com/analysis/exxon-chevron-try-to-rally-but-apple-amazon-dragging-behind-200606798,0.254536805,-0.430640598,0.415320414,3,1.181857522,0.032393479,0.031710242,,,,,,,,,,,,,,,,,,,,,,1.181857522,0.032393479,0.031710242,,,,,,,,,,,,,,,,,,,,,
10/29/2021,https://www.benzinga.com/news/earnings/21/10/23747270/apple-and-amazon-are-a-drag-on-stocks-as-big-tech-fail-to-impress,-0.355439612,-0.783876508,0.609438767,2,1.18381051,0.035067025,,,,,,,,,,,,,,,,,,,,,,,1.18381051,0.035067025,,,,,,,,,,,,,,,,,,,,,,
11/1/2021,https://www.investing.com/analysis/october-market-wrap-better-than-anticipated-but-keep-an-eye-on-developing-risks-200606937,-0.026494091,-0.999364436,0.026510941,1,0.026510941,,,,,,,,,,,,,,,,,,,,,,,,0.026510941,,,,,,,,,,,,,,,,,,,,,,,
11/2/2021,http://feeds.marketwatch.com/~r/marketwatch/marketpulse/~3/iKs8mpgIMLc/story.aspx,-0.118849584,-0.99695456,0.119212639,1,0.119212639,,,,,,,,,,,,,,,,,,,,,,,,0.119212639,,,,,,,,,,,,,,,,,,,,,,,
11/2/2021,https://www.benzinga.com/news/21/11/23830517/why-did-netscout-systems-shares-gained-13-today,0.626314337,0.983862996,0.636586943,1,0.636586943,,,,,,,,,,,,,,,,,,,,,,,,0.636586943,,,,,,,,,,,,,,,,,,,,,,,
11/4/2021,http://finance.yahoo.com/quote/ibm-wi/press-releases?p=ibm-wi,-0.026383955,-0.99696511,0.026464271,1,0.026464271,,,,,,,,,,,,,,,,,,,,,,,,0.026464271,,,,,,,,,,,,,,,,,,,,,,,
11/4/2021,http://feeds.benzinga.com/~r/benzinga/media/~3/LTTs_pWkIMo/google-to-bid-for-pentagon-cloud-computing-contract-oracle-ibm-may-join-too,-0.026023265,-0.998915315,0.026051523,1,0.026051523,,,,,,,,,,,,,,,,,,,,,,,,0.026051523,,,,,,,,,,,,,,,,,,,,,,,
11/4/2021,https://www.wsj.com/articles/ibm-spinoff-kyndryl-starts-quest-for-growth-11636023600,0.330889741,-0.131486505,0.489562474,4,0.027037752,0.027685,0.225760951,1.677766195,,,,,,,,,,,,,,,,,,,,,0.027037752,0.027685,0.225760951,1.677766195,,,,,,,,,,,,,,,,,,,,
11/4/2021,https://www.fool.com/investing/2021/11/04/time-buy-dow-jones-worst-performing-october/,-0.120684666,-0.994684358,0.120997066,3,0.027719067,0.034656312,0.300615819,,,,,,,,,,,,,,,,,,,,,,0.027719067,0.034656312,0.300615819,,,,,,,,,,,,,,,,,,,,,
11/5/2021,https://www.fool.com/investing/2021/11/05/dow-jones-gains-300-points-on-jobs-report-merck-sh/,0.104813056,0.921886325,0.113694121,1,0.113694121,,,,,,,,,,,,,,,,,,,,,,,,0.113694121,,,,,,,,,,,,,,,,,,,,,,,
11/5/2021,https://www.benzinga.com/markets/cryptocurrency/21/11/23911316/is-immutable-holdings-the-publicly-listed-berkshire-hathaway-of-blockchain,-0.021057668,-0.663153529,0.031753835,1,0.031753835,,,,,,,,,,,,,,,,,,,,,,,,0.031753835,,,,,,,,,,,,,,,,,,,,,,,
11/8/2021,https://www.fool.com/investing/2021/11/08/caterpillar-leads-dow-jones-up-116-points-on-1-tri/,-0.033953164,-0.976336837,0.034776076,1,0.034776076,,,,,,,,,,,,,,,,,,,,,,,,0.034776076,,,,,,,,,,,,,,,,,,,,,,,
11/9/2021,https://www.fool.com/investing/2021/11/09/3-dow-stocks-that-are-screaming-buys-in-november/,0.026381451,0.710439622,0.03713398,1,0.03713398,,,,,,,,,,,,,,,,,,,,,,,,0.03713398,,,,,,,,,,,,,,,,,,,,,,,
11/10/2021,https://www.fool.com/investing/2021/11/10/why-amd-stock-fell-7-today/,-0.030271663,-0.954665422,0.031709185,1,0.031709185,,,,,,,,,,,,,,,,,,,,,,,,0.031709185,,,,,,,,,,,,,,,,,,,,,,,
11/10/2021,https://news.yahoo.com/were-hedge-funds-deserting-international-154811674.html,-0.804248424,-0.955964077,0.857363054,5,0.036030674,1.742194056,0.035197428,0.031500227,2.441892886,,,,,,,,,,,,,,,,,,,,0.036030674,1.742194056,0.035197428,0.031500227,2.441892886,,,,,,,,,,,,,,,,,,,
11/10/2021,https://investchronicle.com/2021/11/10/do-international-business-machines-corporation-ibm-beta-value-of-1-10-signposts-another-twist/,-0.656537769,-0.370029733,0.935982231,4,0.03185582,0.112950978,0.027633998,3.571488129,,,,,,,,,,,,,,,,,,,,,0.03185582,0.112950978,0.027633998,3.571488129,,,,,,,,,,,,,,,,,,,,
11/10/2021,https://marketingsentinel.com/2021/11/10/bears-are-back-on-the-defensive-as-international-business-machines-corporation-ibm-tumbled-2-96/,-0.015980307,-0.50076662,0.031858633,4,0.034132615,0.034366682,0.027135389,0.031799847,,,,,,,,,,,,,,,,,,,,,0.034132615,0.034366682,0.027135389,0.031799847,,,,,,,,,,,,,,,,,,,,
11/11/2021,https://www.fool.com/investing/2021/11/11/3-dividend-paying-tech-stocks-to-buy-right-now/,0.019651834,-0.33254679,0.066921035,3,0.130034178,0.036903418,0.033825509,,,,,,,,,,,,,,,,,,,,,,0.130034178,0.036903418,0.033825509,,,,,,,,,,,,,,,,,,,,,
11/11/2021,https://www.fool.com/investing/2021/11/11/ipo-wework-is-worth-a-look/,1.500807162,0.998717904,1.502733811,1,1.502733811,,,,,,,,,,,,,,,,,,,,,,,,1.502733811,,,,,,,,,,,,,,,,,,,,,,,
11/12/2021,https://www.benzinga.com/pressreleases/21/11/g24055555/worldwide-video-streaming-market-industry-is-expected-to-reach-usd-842-93-billion-by-2027-at-a-cag,-0.025767877,-0.93769002,0.027480166,1,0.027480166,,,,,,,,,,,,,,,,,,,,,,,,0.027480166,,,,,,,,,,,,,,,,,,,,,,,
11/14/2021,https://www.benzinga.com/news/21/11/24081969/microsoft-and-recent-ibm-spin-off-kyndryl-announce-global-cloud-partnership,0.184010216,0.999046743,0.184185793,1,0.184185793,,,,,,,,,,,,,,,,,,,,,,,,0.184185793,,,,,,,,,,,,,,,,,,,,,,,
11/15/2021,https://www.benzinga.com/pressreleases/21/11/n24083988/ibm-amazon-web-services-join-forces-to-help-oil-gas-industry-accelerate-energy-transition,0.032326532,0.527709424,0.048573809,6,0.036098355,0.036804662,0.031467287,0.118656577,0.035823116,0.032592861,,,,,,,,,,,,,,,,,,,0.036098355,0.036804662,0.031467287,0.118656577,0.035823116,0.032592861,,,,,,,,,,,,,,,,,,
11/15/2021,https://www.investing.com/analysis/consumer-sentiment-at-10year-lows-spurs-stocks-higher-200608354,-0.034831088,-0.997913659,0.034903909,1,0.034903909,,,,,,,,,,,,,,,,,,,,,,,,0.034903909,,,,,,,,,,,,,,,,,,,,,,,
11/15/2021,http://timesofindia.indiatimes.com/business/international-business/ibm-amazon-partner-to-extend-reach-of-data-tools-for-oil-companies/articleshow/87722690.cms,0.114745449,0.941078007,0.121743396,2,0.126159247,0.117327545,,,,,,,,,,,,,,,,,,,,,,,0.126159247,0.117327545,,,,,,,,,,,,,,,,,,,,,,
11/16/2021,https://www.investing.com/analysis/retailer-reports-walmart-home-depot-and-us-retail-sales-200608550,-0.089659843,-0.793035269,0.113059086,1,0.113059086,,,,,,,,,,,,,,,,,,,,,,,,0.113059086,,,,,,,,,,,,,,,,,,,,,,,
11/16/2021,https://www.benzinga.com/news/earnings/21/11/24125259/low-labor-participation-rates-are-prompting-creativity-from-hirers,-0.108306911,-0.963801801,0.112374672,1,0.112374672,,,,,,,,,,,,,,,,,,,,,,,,0.112374672,,,,,,,,,,,,,,,,,,,,,,,
11/17/2021,https://www.benzinga.com/pressreleases/21/11/n24138037/ibm-and-david-clark-cause-crown-saaf-water-winner-of-4th-annual-call-for-code-global-challenge,0.287427841,0.712422729,0.297420662,6,0.132814797,0.139790623,0.035507257,0.141575401,1.302254813,0.032581083,,,,,,,,,,,,,,,,,,,0.132814797,0.139790623,0.035507257,0.141575401,1.302254813,0.032581083,,,,,,,,,,,,,,,,,,
11/18/2021,https://www.benzinga.com/pressreleases/21/11/n24168513/blockchain-technology-transforming-metals-and-mining-supply-chains,0.122213971,0.964790344,0.126674123,1,0.126674123,,,,,,,,,,,,,,,,,,,,,,,,0.126674123,,,,,,,,,,,,,,,,,,,,,,,
11/18/2021,https://www.zacks.com/stock/news/1829433/new-strong-sell-stocks-for-november-18th,-0.068296399,-0.99807772,0.068397238,2,0.109228955,0.027565521,,,,,,,,,,,,,,,,,,,,,,,0.109228955,0.027565521,,,,,,,,,,,,,,,,,,,,,,
11/19/2021,https://www.benzinga.com/pressreleases/21/11/n24198027/global-carbon-nanotubes-market-shares-strategy-and-forecasts-2021-to-2027-featuring-ibm-basf-hitac,1.513444068,0.994392872,1.521977994,1,1.521977994,,,,,,,,,,,,,,,,,,,,,,,,1.521977994,,,,,,,,,,,,,,,,,,,,,,,
11/19/2021,https://www.zacks.com/stock/news/1829950/ibm-ibm-down-91-since-last-earnings-report-can-it-rebound,-0.447775254,-0.995870352,0.448345055,4,0.036591271,0.025537632,1.696514794,0.034736522,,,,,,,,,,,,,,,,,,,,,0.036591271,0.025537632,1.696514794,0.034736522,,,,,,,,,,,,,,,,,,,,
11/21/2021,https://www.fool.com/investing/2021/11/21/better-buy-ibm-or-kyndryl/,-0.069251419,-0.997461756,0.069413179,3,0.135824163,0.035013019,0.037402354,,,,,,,,,,,,,,,,,,,,,,0.135824163,0.035013019,0.037402354,,,,,,,,,,,,,,,,,,,,,
11/23/2021,https://www.investing.com/analysis/cisco-or-ibm-which-tech-stock-should-be-in-your-retirement-portfolio-200609154,0.010522983,0.056434393,0.119785735,2,0.123863735,0.115707734,,,,,,,,,,,,,,,,,,,,,,,0.123863735,0.115707734,,,,,,,,,,,,,,,,,,,,,,
11/23/2021,https://newsheater.com/2021/11/23/heres-our-rant-about-international-business-machines-corporation-ibm/,-0.159645519,-0.988586605,0.161361555,4,0.284615644,0.299853112,0.034004173,0.026973289,,,,,,,,,,,,,,,,,,,,,0.284615644,0.299853112,0.034004173,0.026973289,,,,,,,,,,,,,,,,,,,,
11/24/2021,https://investchronicle.com/2021/11/24/international-business-machines-corporation-ibm-this-stock-is-set-to-soar-above-its-peers/,-0.57660593,-0.598133874,0.651531203,5,0.028098889,0.031754969,0.11301859,0.027634064,3.057149503,,,,,,,,,,,,,,,,,,,,0.028098889,0.031754969,0.11301859,0.027634064,3.057149503,,,,,,,,,,,,,,,,,,,
11/25/2021,https://www.benzinga.com/pressreleases/21/11/g24292491/risk-analytics-market-worth-usd-54-95-billion-at-12-2-cagr-fortune-business-insights,0.329469643,0.000263453,0.363426048,2,0.027820575,0.699031521,,,,,,,,,,,,,,,,,,,,,,,0.027820575,0.699031521,,,,,,,,,,,,,,,,,,,,,,
11/27/2021,https://www.fool.com/investing/2021/11/27/these-2-semiconductor-companies-seem-unstoppable/,0.116489128,0.997867942,0.116738021,1,0.116738021,,,,,,,,,,,,,,,,,,,,,,,,0.116738021,,,,,,,,,,,,,,,,,,,,,,,
11/29/2021,https://www.benzinga.com/news/21/11/24324637/barrons-says-ibm-could-offer-second-chance-to-investors-missing-out-on-microsoft,-0.035241746,-0.995419145,0.035403926,1,0.035403926,,,,,,,,,,,,,,,,,,,,,,,,0.035403926,,,,,,,,,,,,,,,,,,,,,,,
11/29/2021,https://investchronicle.com/2021/11/29/the-stars-are-aligning-for-holders-of-international-business-machines-corporation-ibm/,-0.838238505,-0.966297939,0.935965512,4,0.031721393,0.113018526,0.027633998,3.571488129,,,,,,,,,,,,,,,,,,,,,0.031721393,0.113018526,0.027633998,3.571488129,,,,,,,,,,,,,,,,,,,,
11/29/2021,https://www.benzinga.com/news/21/11/24343660/the-jacket-steve-jobs-wore-while-giving-middle-finger-to-ibm-logo-can-be-bought-for-7-50-a-share,1.457505225,0.932621926,1.560042708,2,1.479364194,1.640721222,,,,,,,,,,,,,,,,,,,,,,,1.479364194,1.640721222,,,,,,,,,,,,,,,,,,,,,,
11/30/2021,https://www.zacks.com/stock/news/1833557/ibm-ibm-stock-moves--118-what-you-should-know,-0.228175805,-0.173493981,1.518673301,2,1.475765663,1.56158094,,,,,,,,,,,,,,,,,,,,,,,1.475765663,1.56158094,,,,,,,,,,,,,,,,,,,,,,
12/1/2021,https://www.benzinga.com/fintech/21/12/24346125/12-publicly-traded-companies-on-fast-companys-next-big-things-in-tech-list,0.137546904,0.957330227,0.143677595,1,0.143677595,,,,,,,,,,,,,,,,,,,,,,,,0.143677595,,,,,,,,,,,,,,,,,,,,,,,
12/2/2021,https://www.benzinga.com/pressreleases/21/12/g24399290/global-chatbot-market-presence-of-large-companies-in-north-america-to-facilitate-growth-while-gene,0.796287095,0.998716593,0.797310369,1,0.797310369,,,,,,,,,,,,,,,,,,,,,,,,0.797310369,,,,,,,,,,,,,,,,,,,,,,,
12/2/2021,https://www.fool.com/investing/2021/12/02/the-biggest-problems-with-facebooks-meta-transitio/,-0.13137868,-0.998019934,0.131639334,1,0.131639334,,,,,,,,,,,,,,,,,,,,,,,,0.131639334,,,,,,,,,,,,,,,,,,,,,,,
12/2/2021,https://worldcrunch.com/business-finance/india-tech-parag-agarwal,0.645751607,0.996632993,0.647933202,1,0.647933202,,,,,,,,,,,,,,,,,,,,,,,,0.647933202,,,,,,,,,,,,,,,,,,,,,,,
12/3/2021,https://www.investing.com/analysis/lemonade-sours-200610409,-0.034622549,-0.998255908,0.03468304,1,0.03468304,,,,,,,,,,,,,,,,,,,,,,,,0.03468304,,,,,,,,,,,,,,,,,,,,,,,
